"","ride_id","rideable_type","started_at","ended_at","start_station_name","start_station_id","end_station_name","end_station_id","start_lat","start_lng","end_lat","end_lng","member_casual"
"382","FE9DCC1B48B6FC29","docked_bike","2021-05-01 03:49:57","2021-05-01 03:58:58","Willis Ave & Bruckner Blvd",7691.05,"Adam Clayton Powell Blvd & W 132 St",7814.01,40.805701,-73.925177,40.813539,-73.94521,"casual"
"476","EC2B2DD1019988CC","docked_bike","2021-05-01 08:10:37","2021-05-01 08:17:20","4 Ave & E 12 St",5788.15,"W 21 St & 6 Ave",6140.05,40.732647,-73.99011,40.74173969,-73.99415556,"member"
"324","0DAB0702773E13D7","docked_bike","2021-05-01 09:35:37","2021-05-01 09:38:07","Franklin St & Dupont St",5944.01,"India St Pier",5794.05,40.73564,-73.95866,40.7317347858835,-73.9612390102593,"member"
"271","1127C6CF5A8F7326","docked_bike","2021-05-01 14:09:16","2021-05-01 14:47:46","28 St & 41 Ave",6462.19,"5 Ave & E 93 St",7372.1,40.751047,-73.93797,40.7857851,-73.957481,"casual"
"115","C16A20472BC0097B","docked_bike","2021-05-01 14:50:20","2021-05-01 15:01:39","E 58 St & Madison Ave",6839.04,"W 53 St & 10 Ave",6890.01,40.763025,-73.972095,40.76669671,-73.99061728,"member"
"336","A7FADE504F168DCE","docked_bike","2021-05-01 15:52:47","2021-05-01 16:07:34","Mercer St & Bleecker St",5679.05,"S 4 St & Rodney St",5156.05,40.727063,-73.996621,40.70934,-73.95608,"casual"
"383","22831415FA588BBD","docked_bike","2021-05-01 16:08:25","2021-05-01 16:25:49","Thompson St & Bleecker St",5721.07,"Mercer St & Bleecker St",5679.05,40.7284,-73.999687,40.7270636334831,-73.9966213703155,"casual"
"409","28BFBCE54E3F46A3","docked_bike","2021-05-01 17:13:31","2021-05-01 17:32:37","Fulton St & Clermont Ave",4386.05,"24 St & 5 Ave",3555.04,40.684157,-73.969222,40.659555,-73.995068,"member"
"193","68406CCC12414FBC","docked_bike","2021-05-01 17:35:39","2021-05-01 18:13:43","Clinton St & Centre St",4045.01,"Central Ave & Melrose St",4832.07,40.67434,-74.001946,40.70112,-73.93039,"member"
"265","9230D6CA4EFB1C8A","docked_bike","2021-05-01 17:45:06","2021-05-01 18:30:22","5 Ave & E 93 St",7372.1,"5 Ave & E 93 St",7372.1,40.785785,-73.957481,40.7857851,-73.957481,"member"
"274","D7C0128E441ADF42","docked_bike","2021-05-01 17:57:18","2021-05-01 18:18:26","Broad St & Bridge St",4962.08,"3 Ave & Schermerhorn St",4437.01,40.703651,-74.011677,40.68683208,-73.9796772,"casual"
"312","FF622A1917A3C04D","docked_bike","2021-05-01 20:52:18","2021-05-01 21:06:01","W Broadway & Spring St",5569.06,"Cleveland Pl & Spring St",5492.05,40.724946,-74.001658,40.722103786686,-73.997249007225,"member"
"27","E184343E323838A7","docked_bike","2021-05-02 00:06:30","2021-05-02 00:09:34","45 St & 4 Ave",3275.03,"46 St & 7 Ave",3117.05,40.649145,-74.009486,40.644743,-74.003754,"member"
"499","7AC943635BE050CC","docked_bike","2021-05-02 11:03:50","2021-05-02 11:06:23","W 49 St & 8 Ave",6747.06,"W 54 St & 9 Ave",6920.03,40.762272,-73.987882,40.76584941,-73.98690506,"member"
"202","239658BE82810C30","docked_bike","2021-05-02 11:08:33","2021-05-02 11:23:20","E 116 St & 2 Ave",7563.06,"Wards Meadow Comfort Station",7327.01,40.796879,-73.937261,40.78294,-73.93077,"member"
"435","94626F52C9D86386","docked_bike","2021-05-02 11:57:14","2021-05-02 12:00:46","E 12 St & 3 Ave",5788.12,"E 11 St & 1 Ave",5746.14,40.732232,-73.988899,40.72953837,-73.98426726,"member"
"22","C3F0048D22554FFF","docked_bike","2021-05-02 14:41:00","2021-05-02 14:44:35","E 16 St & Irving Pl",5938.11,"E 19 St & 3 Ave",5938.01,40.735367,-73.987973,40.73624527,-73.98473765,"member"
"98","869FA3EA897B4F5F","docked_bike","2021-05-02 15:21:40","2021-05-02 15:56:00","Vesey Pl & River Terrace",5297.02,"7 Ave & Central Park South",6912.01,40.715337,-74.016583,40.7667405590595,-73.9790689945221,"member"
"259","88576CA8F4AC52A3","docked_bike","2021-05-02 16:46:29","2021-05-02 16:53:19","W 22 St & 8 Ave",6224.03,"Broadway & W 25 St",6173.08,40.744751,-73.999153,40.7428687731211,-73.9891862869263,"casual"
"197","6CA803E4D4E91DCB","docked_bike","2021-05-02 16:47:09","2021-05-02 17:12:59","Fairview Ave & Linden St",5066.03,"Marcy Ave & Lafayette Ave",4476.03,40.70694,-73.90632,40.6900815,-73.947915,"member"
"123","69B0A97F98B44744","docked_bike","2021-05-02 21:03:25","2021-05-02 21:14:28","Lafayette St & E 8 St",5788.13,"W 20 St & 10 Ave",6306.01,40.730206,-73.991026,40.745686,-74.005141,"casual"
"447","874FEB85A2E34DD8","docked_bike","2021-05-03 08:16:31","2021-05-03 08:23:31","Edgecombe Ave & W 141 St",7915.11,"St. Nicholas Ave & W 126 St",7756.1,40.820681,-73.945144,40.8114323,-73.9518776,"member"
"126","E95422CF39034DCA","docked_bike","2021-05-03 08:20:35","2021-05-03 08:27:03","Lenox Ave & W 111 St",7602.05,"Central Park W & W 97 St",7538.18,40.798785,-73.9523,40.7924951949511,-73.9641706646307,"member"
"396","4A92C6EBFF94FBB6","docked_bike","2021-05-03 08:47:02","2021-05-03 08:52:26","Broadway & W 60 St",6948.11,"West End Ave & W 60 St",7059.08,40.769155,-73.981918,40.77237,-73.99005,"member"
"450","A2E453707E89DF09","docked_bike","2021-05-03 09:01:47","2021-05-03 09:06:10","E 6 St & Avenue D",5506.14,"E 11 St & Avenue B",5659.11,40.72228,-73.976687,40.7274642069239,-73.9795041829348,"member"
"155","FFB783F1F15E744F","docked_bike","2021-05-03 09:30:51","2021-05-03 09:51:19","Monroe St & Tompkins Ave",4434.06,"Front St & Gold St",4927.04,40.686203,-73.944694,40.70224,-73.982578,"member"
"347","9EDD6564C519C57F","docked_bike","2021-05-03 09:52:08","2021-05-03 09:53:07","Broadway & W 25 St",6173.08,"W 25 St & 6 Ave",6215.04,40.742868,-73.989186,40.74395411,-73.99144871,"member"
"120","F75BF5EC1F4E428A","docked_bike","2021-05-03 09:54:12","2021-05-03 10:00:43","E 56 St & 3 Ave",6691.11,"E 47 St & Park Ave",6584.12,40.759345,-73.967596,40.75510267,-73.97498696,"member"
"208","9EE5272F95ACBCA4","docked_bike","2021-05-03 11:07:33","2021-05-03 11:13:16","Bank St & Washington St",5964.01,"W Broadway & W Houston St",5644.05,40.736196,-74.008592,40.726378,-74.000472,"member"
"366","049FAC7E1BD01F43","docked_bike","2021-05-03 15:42:13","2021-05-03 15:49:06","India St & Manhattan Ave",5826.02,"Nassau Ave & Russell St",5581.01,40.732321,-73.955085,40.72557,-73.94434,"member"
"79","345FF650FBCE0364","docked_bike","2021-05-03 16:32:14","2021-05-03 16:34:23","21 St & 43 Ave",6395.01,"45 Rd & 11 St",6319.01,40.750525,-73.945948,40.74708586,-73.94977234,"member"
"484","FC12AF0818C020A9","docked_bike","2021-05-03 16:48:09","2021-05-03 17:03:16","W 43 St & 10 Ave",6756.01,"2 Ave & E 31 St",6197.02,40.760094,-73.994618,40.74290902,-73.97706058,"casual"
"316","1DD24A8FCB2F6454","docked_bike","2021-05-03 16:56:51","2021-05-03 17:02:52","Crescent St & 30 Ave",6958.06,"Astoria Park S & Shore Blvd",7159.08,40.768692,-73.924957,40.7767,-73.927631,"member"
"332","FEE1B69EF5F87B9D","docked_bike","2021-05-03 17:16:14","2021-05-03 17:18:19","South St & Whitehall St",4846.01,"Wall St & South St",4953.01,40.701221,-74.012342,40.70437,-74.00637,"member"
"394","113B3E997CE37E96","docked_bike","2021-05-03 18:11:06","2021-05-03 18:14:31","E 12 St & 3 Ave",5788.12,"W 11 St & 6 Ave",5914.03,40.732232,-73.988899,40.73532427,-73.99800419,"member"
"239","9DA360184C64EE51","docked_bike","2021-05-03 20:16:59","2021-05-03 20:29:26","West Drive & Prospect Park West",3651.04,"14 St & 5 Ave",3771.06,40.661063,-73.979453,40.666287,-73.988951,"member"
"278","932D69EE804F3869","docked_bike","2021-05-04 07:46:36","2021-05-04 07:53:31","E 68 St & 3 Ave",6896.16,"E 56 St & Madison Ave",6732.01,40.767128,-73.962246,40.761573,-73.972628,"member"
"149","BD6F6BB487FA7986","docked_bike","2021-05-04 08:29:06","2021-05-04 08:45:51","11 Ave & W 27 St",6425.04,"Madison Av & E 51 St",6659.09,40.751396,-74.005226,40.75863,-73.97513,"member"
"260","4E2E8E0AE4635273","docked_bike","2021-05-04 12:25:04","2021-05-04 12:31:50","Hudson St & W 13 St",6115.06,"LaGuardia Pl & W 3 St",5721.14,40.740057,-74.005274,40.72917025,-73.99810231,"member"
"460","07698B0C620D71AE","docked_bike","2021-05-04 14:27:02","2021-05-04 14:28:13","W 76 St & Columbus Ave",7281.09,"W 74 St & Columbus Ave",7230.1,40.780183,-73.977285,40.7785669,-73.97754961,"member"
"373","35BC0A2D5E714D56","docked_bike","2021-05-04 14:57:26","2021-05-04 14:59:57","Columbus Ave & W 95 St",7520.07,"W 89 St & Columbus Ave",7432.09,40.791955,-73.968087,40.7882213,-73.97041561,"member"
"247","ADE40F8B045C6E9D","docked_bike","2021-05-04 15:05:25","2021-05-04 15:10:59","Cherry St",5181.04,"Rivington St & Ridge St",5406.02,40.712199,-73.979481,40.71850211,-73.98329859,"member"
"60","13247729446211DB","docked_bike","2021-05-04 15:44:25","2021-05-04 15:45:34","E 47 St & 2 Ave",6498.1,"E 48 St & 3 Ave",6541.03,40.75323,-73.970325,40.7546011026,-73.971878855,"member"
"184","3D906E11A1C8E5CC","docked_bike","2021-05-04 16:43:57","2021-05-04 17:11:31","E 56 St & 3 Ave",6691.11,"Wythe Ave & Metropolitan Ave",5348.02,40.759345,-73.967596,40.716887,-73.963198,"member"
"25","4A812E213B54EC36","docked_bike","2021-05-04 17:46:06","2021-05-04 18:31:46","3 St & 7 Ave",3905.15,"3 St & Prospect Park West",3865.05,40.670383,-73.978396,40.668132,-73.97363831,"member"
"475","D66244E81DC8FB14","docked_bike","2021-05-04 17:58:14","2021-05-04 18:18:23","2 Ave & E 29 St",6122.09,"Forsyth St & Canal St",5270.07,40.741723,-73.978092,40.7158155,-73.99422366,"casual"
"8","267CB7B7163BC97A","docked_bike","2021-05-04 18:00:54","2021-05-04 18:32:18","FDR Drive & E 35 St",6230.04,"Wall St & South St",4953.01,40.744219,-73.971212,40.70437,-74.00637,"casual"
"244","C6A1F89EC3F740B3","docked_bike","2021-05-04 18:08:04","2021-05-04 18:40:15","Atlantic Ave & Furman St",4614.04,"Columbia Heights & Cranberry St",4829.01,40.691651,-73.999978,40.70037867,-73.99548059,"member"
"472","A31196CC41A51107","docked_bike","2021-05-04 18:20:10","2021-05-04 18:24:30","Carmine St & 6 Ave",5763.03,"6 Ave & Broome St",5610.09,40.730385,-74.002149,40.7243083216022,-74.0047303587198,"member"
"479","FEFE1EF364BC8D14","docked_bike","2021-05-04 18:37:48","2021-05-04 18:51:15","Barclay St & Church St",5216.04,"E 5 St & Cooper Sq",5712.12,40.712912,-74.010202,40.72769,-73.990993,"member"
"456","96CC4C2540743218","docked_bike","2021-05-04 19:35:35","2021-05-04 19:39:47","24 Ave & 26 St",7152.1,"37 St & 24 Ave",6981.16,40.774591,-73.918544,40.7701477,-73.9120938,"member"
"495","D845106D2102A4C6","docked_bike","2021-05-05 00:04:13","2021-05-05 00:19:21","Central Park West & W 85 St",7354.01,"2 Ave & E 72 St",6925.09,40.78476,-73.969862,40.7687620293096,-73.9584079384804,"casual"
"365","DC216F8AE6038EA1","docked_bike","2021-05-05 07:34:30","2021-05-05 07:59:09","Menahan St & Central Ave",4672.01,"5 St & 6 Ave",3874.01,40.69543,-73.9196,40.6704836,-73.98208968,"member"
"360","6CF76BDCC3508018","docked_bike","2021-05-05 07:59:49","2021-05-05 08:15:36","Kingston Ave & Herkimer St",4205.06,"Clinton Ave & Myrtle Ave",4651.02,40.678906,-73.941427,40.693261,-73.968896,"member"
"154","0CF5309F644D14B9","docked_bike","2021-05-05 10:13:26","2021-05-05 13:06:19","Lincoln Ave & E 134 St",7712.06,"Alexander Ave & E 134 St",7712.04,40.808484,-73.928803,40.807466,-73.927107,"member"
"96","B5AC436A566989C7","docked_bike","2021-05-05 10:32:44","2021-05-05 11:00:59","Washington St & Barrow St",5847.08,"E 32 St & Park Ave",6280.12,40.731911,-74.008769,40.7457121,-73.98194829,"member"
"427","5B42D59B397B9A22","docked_bike","2021-05-05 13:48:43","2021-05-05 13:56:17","9 Ave & W 18 St",6190.08,"Christopher St & Greenwich St",5847.01,40.743174,-74.003664,40.73291553,-74.00711384,"casual"
"132","937169D123DC77D3","docked_bike","2021-05-05 16:48:51","2021-05-05 17:10:55","Pike St & E Broadway",5270.05,"Stanton St & Chrystie St",5523.02,40.714066,-73.992939,40.72229346,-73.99147535,"casual"
"170","A1A1F0500982F09A","docked_bike","2021-05-05 16:52:54","2021-05-05 16:57:13","Concord St & Bridge St",4781.03,"Jay St & Tech Pl",4710.06,40.697665,-73.984764,40.695065,-73.987167,"member"
"47","F4BCA6F4381BB205","docked_bike","2021-05-05 17:35:30","2021-05-05 17:41:15","E 11 St & Avenue B",5659.11,"E 5 St & Cooper Sq",5712.12,40.727464,-73.979504,40.72769,-73.990993,"member"
"160","462D9092108378DB","docked_bike","2021-05-05 18:28:33","2021-05-05 18:29:30","Kent St & McGuinness Blvd",5785.1,"Kent St & McGuinness Blvd",5785.1,40.73124,-73.95161,40.73124,-73.95161,"member"
"183","F5CAD0EB921711B8","docked_bike","2021-05-05 21:46:41","2021-05-05 22:01:11","W 29 St & 9 Ave",6416.06,"W 54 St & 11 Ave",6955.05,40.750072,-73.998392,40.768333,-73.992573,"member"
"194","49532D33587E3E9E","docked_bike","2021-05-05 22:03:37","2021-05-05 22:10:31","9 Ave & W 22 St",6266.06,"Bank St & Washington St",5964.01,40.745497,-74.001971,40.7361967,-74.00859207,"casual"
"290","F58F15677F930616","docked_bike","2021-05-05 23:47:31","2021-05-05 23:54:50","E 7 St & Avenue A",5626.07,"Bayard St & Baxter St",5351.03,40.726217,-73.983798,40.71602118,-73.99974372,"member"
"500","3D62B65C9F98A509","docked_bike","2021-05-06 06:55:14","2021-05-06 06:59:15","Broadway & W 41 St",6560.01,"W 43 St & 10 Ave",6756.01,40.755135,-73.98658,40.76009437,-73.99461843,"member"
"139","39AD268B16D64448","docked_bike","2021-05-06 07:38:57","2021-05-06 07:49:13","W 129 St & Convent Ave",7818.17,"Pleasant Ave & E 120 St",7579.01,40.814394,-73.953247,40.7974772,-73.9311847,"member"
"471","DBBB07C50BF89EC6","docked_bike","2021-05-06 08:02:54","2021-05-06 08:13:15","E 82 St & East End Ave",7049.04,"E 60 St & York Ave",6682.08,40.77246,-73.94682,40.759107,-73.959223,"member"
"58","3A617497C80DADC4","docked_bike","2021-05-06 08:05:59","2021-05-06 08:07:01","W 26 St & 8 Ave",6297.02,"8 Ave & W 27 St",6297.07,40.747348,-73.997235,40.747968,-73.996637,"member"
"334","3C422263354685E8","docked_bike","2021-05-06 10:09:02","2021-05-06 10:23:05","E 6 St & Avenue D",5506.14,"Pike St & E Broadway",5270.05,40.72228,-73.976687,40.71406667,-73.99293911,"member"
"135","CC25A97405E7B2F1","docked_bike","2021-05-06 11:52:59","2021-05-06 12:25:10","Lawrence St & Willoughby St",4596.09,"W 27 St & 7 Ave",6247.06,40.692361,-73.986317,40.746647,-73.993915,"member"
"446","7FDB6190958CBF2A","docked_bike","2021-05-06 13:44:54","2021-05-06 14:01:50","Bayard St & Baxter St",5351.03,"Columbia St & Rivington St",5365.02,40.716021,-73.999743,40.71739973,-73.98016555,"member"
"309","D37D700C2037E684","docked_bike","2021-05-06 13:54:33","2021-05-06 14:00:22","E 56 St & 3 Ave",6691.11,"E 47 St & Park Ave",6584.12,40.759345,-73.967596,40.75510267,-73.97498696,"member"
"470","3A45D7FD7ACC0164","docked_bike","2021-05-06 14:19:01","2021-05-06 14:49:42","E 109 St & 3 Ave",7504.12,"Broadway & W 155 St",8123.02,40.793296,-73.943208,40.83299,-73.94592,"casual"
"217","0E603F8CAC892207","docked_bike","2021-05-06 14:22:49","2021-05-06 14:42:34","E 11 St & 2 Ave",5746.04,"North Moore St & Greenwich St",5470.12,40.730473,-73.986723,40.7201952143746,-74.0103006362915,"member"
"329","5FFEF5C77E446EC5","docked_bike","2021-05-06 14:36:16","2021-05-06 14:57:13","5 Ave & E 103 St",7511.19,"Columbus Ave & W 72 St",7175.05,40.792255,-73.952499,40.7770575,-73.97898475,"casual"
"314","1AA66A1B88EAEF26","docked_bike","2021-05-06 14:54:38","2021-05-06 14:55:42","E 97 St & Madison Ave",7393.09,"Madison Ave & E 99 St",7443.01,40.787801,-73.953559,40.7894854155321,-73.9524292945862,"member"
"3","3DF5EE35E04F5BFB","docked_bike","2021-05-06 15:00:07","2021-05-06 15:08:06","Pleasant Ave & E 116 St",7450.05,"Lenox Ave & W 117 St",7655.22,40.794987,-73.933334,40.8025566,-73.9490782,"member"
"76","00F40862EAC59E4A","docked_bike","2021-05-06 16:12:14","2021-05-06 16:15:46","W 20 St & 7 Ave",6182.02,"W 20 St & 8 Ave",6224.05,40.742387,-73.997262,40.74345335,-74.00004031,"member"
"26","5E864429BA742028","docked_bike","2021-05-06 16:52:47","2021-05-06 16:57:36","5 Ave & E 78 St",7161.08,"Madison Ave & E 82 St",7188.13,40.776321,-73.964273,40.7781314,-73.96069399,"casual"
"141","0D6D8A2D4DCD5ED7","docked_bike","2021-05-06 17:17:27","2021-05-06 17:27:39","E 85 St & 3 Ave",7212.05,"Central Park W & W 91 St",7453.01,40.778012,-73.954071,40.7886649912788,-73.966800570488,"member"
"9","F30501EF4ED03BD5","docked_bike","2021-05-06 17:25:29","2021-05-06 17:33:28","Kent Ave & S 11 St",5062.01,"S 5 Pl & S 5 St",5125.03,40.707644,-73.968415,40.710451,-73.960876,"member"
"236","81C1755FEE352AD8","docked_bike","2021-05-06 17:27:11","2021-05-06 18:10:59","Lispenard St & Broadway",5391.06,"Watts St & Greenwich St",5578.02,40.719392,-74.002472,40.72405549,-74.00965965,"casual"
"320","B4F3BC4A7480F0F4","docked_bike","2021-05-06 17:58:47","2021-05-06 18:07:03","W 84 St & Columbus Ave",7382.04,"Broadway & W 60 St",6948.11,40.784999,-73.972834,40.76915505,-73.98191841,"member"
"250","57EEBBAD4D7E46B5","docked_bike","2021-05-06 18:11:25","2021-05-06 18:16:08","E 47 St & 2 Ave",6498.1,"E 58 St & 3 Ave",6762.02,40.75323,-73.970325,40.76095756,-73.96724467,"member"
"454","2F3EDD71BD4499E0","docked_bike","2021-05-06 20:07:24","2021-05-06 20:22:22","Allen St & Rivington St",5414.06,"1 Ave & E 39 St",6303.01,40.720195,-73.989978,40.74714,-73.97113,"member"
"402","156C0CB15CF843A0","docked_bike","2021-05-06 20:29:53","2021-05-06 20:46:10","Greenwich St & Perry St",5922.04,"E 12 St & Ave C",5616.08,40.73498,-74.00697,40.727243,-73.976831,"member"
"84","D9031FF2CEB49C91","docked_bike","2021-05-06 21:08:23","2021-05-06 21:10:19","Atlantic Ave & Furman St",4614.04,"Congress St & Hicks St",4497.09,40.691651,-73.999978,40.6893952,-73.9995126,"member"
"379","14646E12938C1999","docked_bike","2021-05-06 21:57:31","2021-05-06 22:14:33","Bergen St & Flatbush Ave",4281.08,"Bushwick Ave & Harman St",4640.01,40.680944,-73.975673,40.69356,-73.92524,"member"
"102","FEBF60F7F8BFDDF6","docked_bike","2021-05-06 22:54:31","2021-05-06 22:59:37","E 78 St & 2 Ave",7057.07,"E 88 St & 1 Ave",7235.13,40.772796,-73.955778,40.778301,-73.9488134,"member"
"482","80E9EBA0C075F944","docked_bike","2021-05-07 07:20:26","2021-05-07 08:04:24","2 Ave & E 55 St",6650.08,"Little West St & 1 Pl",5001.08,40.75792,-73.966382,40.70569254,-74.01677685,"member"
"104","FBFB620F12E128F4","docked_bike","2021-05-07 08:34:42","2021-05-07 08:49:20","E 15 St & 3 Ave",5863.07,"E 12 St & Ave C",5616.08,40.734232,-73.986923,40.727243,-73.976831,"member"
"352","7B1344B57DAA4E54","docked_bike","2021-05-07 10:51:56","2021-05-07 10:56:42","S 4 St & Wythe Ave",5204.05,"S 4 St & Rodney St",5156.05,40.712858,-73.965902,40.70934,-73.95608,"member"
"64","1750A5409CD99490","docked_bike","2021-05-07 11:26:16","2021-05-07 11:30:40","28 St & 36 Ave",6614.01,"Queens Plaza North & Crescent St",6429.01,40.757186,-73.932719,40.75110165,-73.94073717,"member"
"156","6D8DD6849399FB37","docked_bike","2021-05-07 11:57:45","2021-05-07 12:22:21","Union St & Bedford Ave",3879.04,"N 6 St & Bedford Ave",5379.1,40.669178,-73.955416,40.71745169,-73.95850939,"member"
"283","EE1EF27DA428204F","docked_bike","2021-05-07 12:30:58","2021-05-07 13:05:21","W 110 St & Amsterdam Ave",7646.04,"Amsterdam Ave & W 82 St",7360.1,40.802692,-73.96295,40.78524672,-73.97667321,"casual"
"50","103FA643436F9322","docked_bike","2021-05-07 14:25:37","2021-05-07 14:34:57","W 52 St & 6 Ave",6740.01,"Broadway & W 36 St",6441.01,40.761329,-73.97982,40.75097711,-73.98765428,"casual"
"304","DBAC7619379838B4","docked_bike","2021-05-07 14:37:17","2021-05-07 14:44:22","Tinton Ave & E 165 St",7991.01,"Prospect Ave & Jennings St",8099.04,40.824796,-73.90242,40.831762,-73.896853,"member"
"150","D0DA5293AD750176","docked_bike","2021-05-07 14:48:52","2021-05-07 15:15:05","12 Ave & W 125 St",7886.02,"Edgecombe Ave & W 150 St",8049.05,40.818299,-73.960405,40.826881,-73.941427,"member"
"161","D35619BAEFE564B9","docked_bike","2021-05-07 15:17:22","2021-05-07 15:24:06","E 25 St & 2 Ave",6046.02,"W 27 St & 7 Ave",6247.06,40.739126,-73.979737,40.746647,-73.993915,"member"
"138","EE0D36462D6B4E2C","docked_bike","2021-05-07 15:25:09","2021-05-07 15:38:54","Carroll St & 6 Ave",4019.06,"23 St & 3 Ave",3707.01,40.674088,-73.978728,40.662611,-73.998623,"member"
"431","3F00DB12BB77FAAE","docked_bike","2021-05-07 15:39:22","2021-05-07 15:59:05","Nassau Ave & Russell St",5581.01,"Wythe Ave & Metropolitan Ave",5348.02,40.72557,-73.94434,40.716887,-73.963198,"member"
"256","98EEF1296EB11630","docked_bike","2021-05-07 16:28:47","2021-05-07 16:36:46","W 22 St & 8 Ave",6224.03,"Lexington Ave & E 24 St",6089.07,40.744751,-73.999153,40.74025878,-73.98409214,"member"
"205","A0F4904C259344BE","docked_bike","2021-05-07 17:51:55","2021-05-07 18:00:24","University Pl & E 8 St",5755.14,"Pier 40 - Hudson River Park",5696.03,40.731437,-73.994903,40.7277140777778,-74.011295735836,"member"
"359","7FB7645D3078ED72","docked_bike","2021-05-07 20:00:43","2021-05-07 20:38:17","Vesey Pl & River Terrace",5297.02,"DeKalb Ave & S Portland Ave",4546.04,40.715337,-74.016583,40.68981035,-73.97493121,"casual"
"140","2A70598878AE7002","docked_bike","2021-05-08 00:11:48","2021-05-08 00:25:07","W 54 St & 9 Ave",6920.03,"West End Ave & W 94 St",7524.09,40.765849,-73.986905,40.7941654,-73.974124,"casual"
"344","5A32A2EAF5A941A8","docked_bike","2021-05-08 04:50:19","2021-05-08 05:00:28","E 27 St & Park Ave S",6131.13,"Barrow St & Hudson St",5805.05,40.742751,-73.984715,40.73172428,-74.00674436,"casual"
"341","69E947B636672527","docked_bike","2021-05-08 14:31:34","2021-05-08 14:51:35","27 St & Hunter St",6310.06,"Motorgate",6814.01,40.7485,-73.941275,40.7639089,-73.9477213,"casual"
"353","DE93EEFDF077953D","docked_bike","2021-05-08 14:59:27","2021-05-08 15:20:29","E 11 St & Avenue B",5659.11,"Cleveland Pl & Spring St",5492.05,40.727464,-73.979504,40.722103786686,-73.997249007225,"member"
"131","16C8ECBEADAD9ACA","docked_bike","2021-05-08 17:33:44","2021-05-08 17:36:52","31 St & Broadway",6789.04,"35 St & Broadway",6750.16,40.761584,-73.925921,40.760339,-73.9222427,"casual"
"296","1835311386AAD874","docked_bike","2021-05-08 17:46:10","2021-05-08 17:52:59","E 93 St & 2 Ave",7286.02,"Madison Ave & E 82 St",7188.13,40.782454,-73.948919,40.7781314,-73.96069399,"member"
"299","E167C47DF1152F7D","docked_bike","2021-05-08 18:19:14","2021-05-08 18:40:46","Cadman Plaza E & Tillary St",4677.01,"Centre St & Chambers St",5207.01,40.695976,-73.990148,40.71273266,-74.0046073,"casual"
"7","FB0E3F1D56D2F60E","docked_bike","2021-05-08 19:29:21","2021-05-08 19:37:42","St Marks Pl & 4 Ave",4249.1,"Degraw St & Hoyt St",4258.07,40.681778,-73.979889,40.681990442707,-73.9907902479172,"member"
"321","1CC4F946DDD05843","docked_bike","2021-05-08 20:11:08","2021-05-08 20:20:30","Allen St & Hester St",5342.1,"E 12 St & 3 Ave",5788.12,40.716058,-73.991907,40.73223272,-73.98889957,"member"
"190","58F344AE98BA0B14","docked_bike","2021-05-08 21:24:08","2021-05-08 22:09:04","Lenox Ave & W 144 St",7910.01,"Edgecombe Ave & W 145 St",7976.08,40.819783,-73.936521,40.823498,-73.94386,"casual"
"114","5C78ACE35F37AA2A","docked_bike","2021-05-08 23:47:59","2021-05-08 23:56:10","Mott St & Prince St",5561.04,"E 13 St & Avenue A",5779.09,40.723179,-73.9948,40.7296672939298,-73.9806796610355,"member"
"303","D4F812797C9E903B","docked_bike","2021-05-09 01:01:49","2021-05-09 01:07:34","Broadway & W 165 St",8191.01,"W 148 St & Amsterdam Ave",8033.09,40.839137,-73.941409,40.827075,-73.945909,"member"
"238","2758C7FB0FE870C2","docked_bike","2021-05-09 03:11:32","2021-05-09 03:21:16","W 47 St & 10 Ave",6824.07,"1 Ave & E 39 St",6303.01,40.762698,-73.993012,40.74714,-73.97113,"casual"
"449","97997EFA5434C176","docked_bike","2021-05-09 08:46:26","2021-05-09 08:50:11","W 18 St & 6 Ave",6064.08,"W 25 St & 6 Ave",6215.04,40.739713,-73.994564,40.74395411,-73.99144871,"member"
"74","E27684A2E012D801","docked_bike","2021-05-09 09:46:29","2021-05-09 09:56:48","Baltic St & 5 Ave",4208.11,"Congress St & Hicks St",4497.09,40.679576,-73.978549,40.6893952,-73.9995126,"member"
"420","945E360AD7EE240A","docked_bike","2021-05-09 13:39:55","2021-05-09 13:58:23","Fulton St & Utica Ave",4228.02,"Atlantic Ave & Fort Greene Pl",4354.07,40.679426,-73.929891,40.68382604,-73.97632328,"member"
"263","BB24E3931C81CD82","docked_bike","2021-05-09 14:00:38","2021-05-09 14:21:40","1 Ave & E 18 St",5854.09,"Cleveland Pl & Spring St",5492.05,40.733812,-73.980544,40.722103786686,-73.997249007225,"member"
"145","62731081A292C3FC","docked_bike","2021-05-09 14:10:27","2021-05-09 15:26:48","MacDougal St & Prince St",5687.04,"Spring St & Hudson St",5653.12,40.727102,-74.00297,40.7258399679237,-74.0076532959938,"member"
"220","1711EF2BC759AA75","docked_bike","2021-05-09 14:15:31","2021-05-09 15:24:54","W 84 St & Columbus Ave",7382.04,"Riverside Dr & W 82 St",7388.1,40.784999,-73.972834,40.78720869,-73.98128127,"member"
"285","22159792DCF98695","docked_bike","2021-05-09 14:48:10","2021-05-09 14:59:03","W 31 St & 7 Ave",6331.01,"Christopher St & Greenwich St",5847.01,40.749156,-73.9916,40.73291553,-74.00711384,"member"
"59","159845280CAD290E","docked_bike","2021-05-09 21:45:29","2021-05-09 22:13:40","Crescent St & 30 Ave",6958.06,"21 St & 31 Dr",6865.03,40.768692,-73.924957,40.7659,-73.930819,"member"
"212","5EC1EF1BA545D720","docked_bike","2021-05-09 23:26:07","2021-05-09 23:31:34","11 Ave & W 41 St",6726.01,"Broadway & W 41 St",6560.01,40.7603,-73.998842,40.75513557,-73.98658032,"member"
"241","A1D7EEBFBA293766","docked_bike","2021-05-10 02:09:45","2021-05-10 03:07:12","6 Ave & Canal St",5500.07,"6 Ave & Canal St",5500.07,40.722437,-74.005664,40.72243797,-74.00566443,"casual"
"370","1F9A617DC96A5C68","docked_bike","2021-05-10 07:54:21","2021-05-10 08:01:38","1 Ave & E 30 St",6079.03,"E 43 St & 2 Ave",6422.08,40.741443,-73.97536,40.75022392,-73.97121414,"member"
"146","89D0FC67FAF2736C","docked_bike","2021-05-10 09:13:26","2021-05-10 09:32:36","1 Ave & E 68 St",6822.09,"E 15 St & 3 Ave",5863.07,40.765005,-73.958184,40.734232,-73.986923,"member"
"442","3EDD698757005AAF","docked_bike","2021-05-10 09:32:27","2021-05-10 09:41:54","E 19 St & 3 Ave",5938.01,"E 2 St & Avenue B",5515.02,40.736245,-73.984737,40.72217444,-73.98368779,"member"
"390","7E9F4A09E19408B3","docked_bike","2021-05-10 09:32:51","2021-05-10 09:36:01","E 138 St & Canal St W",7803.03,"Alexander Ave & E 134 St",7712.04,40.812304,-73.929153,40.807466,-73.927107,"member"
"323","7575976AD1D373A0","docked_bike","2021-05-10 09:41:00","2021-05-10 09:43:44","Menahan St & Onderdonk Ave",5034.03,"Onderdonk Ave & Dekalb Ave",5115.01,40.70553,-73.9096,40.70863,-73.91497,"casual"
"342","FD08315B62E9AEC4","docked_bike","2021-05-10 09:50:11","2021-05-10 09:50:56","President St & Henry St",4307.13,"President St & Henry St",4307.13,40.6828,-73.999904,40.6828003,-73.99990419,"member"
"466","336678002F44FB29","docked_bike","2021-05-10 11:34:53","2021-05-10 11:37:51","Adam Clayton Powell Blvd & W 115 St",7643.18,"Frederick Douglass Blvd & W 115 St",7658.13,40.802535,-73.953242,40.8038654,-73.9559308,"member"
"235","E79AE48C025793B9","docked_bike","2021-05-10 16:04:22","2021-05-10 16:16:43","Lenox Ave & W 140 St",7872.03,"Brook Ave & E 138 St",7707.08,40.817245,-73.938787,40.807408,-73.91924,"member"
"129","DCF12D7B68DD9DE5","docked_bike","2021-05-10 17:13:49","2021-05-10 17:21:57","Henry St & Grand St",5294.04,"E 7 St & Avenue A",5626.07,40.714211,-73.981095,40.72621788,-73.98379855,"member"
"127","EAFD9BCFC338E05D","docked_bike","2021-05-10 18:01:19","2021-05-10 18:29:30","W 51 St & Rockefeller Plaza",6700.14,"Morningside Ave & W 123 St",7741.01,40.759699,-73.978081,40.81,-73.9551508,"member"
"18","AAE68AF4EFE7BABD","docked_bike","2021-05-10 18:28:44","2021-05-10 18:59:08","E 11 St & 1 Ave",5746.14,"Little West St & 1 Pl",5001.08,40.729538,-73.984267,40.70569254,-74.01677685,"member"
"413","21ED0689DAAFF804","docked_bike","2021-05-10 18:40:30","2021-05-10 18:59:04","E 13 St & Avenue A",5779.09,"South St & Whitehall St",4846.01,40.729667,-73.980679,40.70122128,-74.01234218,"member"
"230","E2CC2EB7B51FF134","docked_bike","2021-05-10 18:47:04","2021-05-10 18:51:18","Lafayette Ave & St James Pl",4494.04,"DeKalb Ave & S Portland Ave",4546.04,40.688515,-73.964762,40.68981035,-73.97493121,"member"
"49","0E3F8DBC7D414843","docked_bike","2021-05-10 18:53:56","2021-05-10 19:07:50","E 6 St & Avenue D",5506.14,"E 17 St & Broadway",5980.07,40.72228,-73.976687,40.73704984,-73.99009296,"member"
"494","5288E7BE8A1BCC20","docked_bike","2021-05-10 19:18:31","2021-05-10 19:25:03","Sunken Meadow Comfort Station",7571.01,"E 138 St & Willow Ave",7654.04,40.79558,-73.91906,40.804168,-73.911545,"member"
"349","D56270C7AFDE1460","docked_bike","2021-05-10 19:24:46","2021-05-10 19:37:01","E 20 St & Park Ave",6055.08,"W 35 St & Dyer Ave",6569.08,40.738274,-73.987519,40.754691750226,-73.9974018931389,"member"
"392","3FDEE1E85A9FA403","docked_bike","2021-05-10 20:11:44","2021-05-10 20:14:46","35 St & Broadway",6750.16,"31 Ave & Steinway St",6782.01,40.760339,-73.922242,40.7611488,-73.9170071,"casual"
"94","B8AF16C7DE3720A3","docked_bike","2021-05-11 07:28:03","2021-05-11 07:30:46","Frost St & Meeker Ave",5371.07,"Driggs Ave & N 9 St",5411.08,40.717661,-73.9488,40.7181696945421,-73.9552013576031,"member"
"215","887A05F5C2EF4675","docked_bike","2021-05-11 07:59:33","2021-05-11 08:01:49","Bond St & Bergen St",4404.1,"Bergen St & Smith St",4446.01,40.684966,-73.986207,40.6867443,-73.99063168,"member"
"242","2E8D7CE6DF550902","docked_bike","2021-05-11 13:49:33","2021-05-11 13:57:09","Leonard St & Church St",5359.11,"MacDougal St & Prince St",5687.04,40.717571,-74.005549,40.72710258,-74.00297088,"member"
"488","80C798D714E54A6A","docked_bike","2021-05-11 15:12:06","2021-05-11 15:23:51","Milton St & Franklin St",5752.07,"Milton St & Franklin St",5752.07,40.72906,-73.95779,40.72906,-73.95779,"member"
"165","89DE3CA7BB88BBE2","docked_bike","2021-05-11 17:13:57","2021-05-11 17:31:47","W 59 St & 10 Ave",7023.04,"W 16 St & The High Line",6233.05,40.770513,-73.988038,40.74334935,-74.00681753,"member"
"422","428DEA869F20400A","docked_bike","2021-05-11 17:19:14","2021-05-11 17:25:17","Broadway & W 25 St",6173.08,"Broadway & W 36 St",6441.01,40.742868,-73.989186,40.75097711,-73.98765428,"member"
"233","44560761F3A511D2","docked_bike","2021-05-11 19:30:48","2021-05-11 19:49:42","Grand Concourse & E 167 St",8126.07,"Sherman Ave & E 166 St",8072.06,40.834263,-73.917641,40.831305492673,-73.917447924614,"casual"
"24","BB008B65D07D3B1B","docked_bike","2021-05-11 19:32:11","2021-05-11 19:34:07","1 Ave & E 62 St",6753.08,"1 Ave & E 68 St",6822.09,40.761227,-73.96094,40.76500525,-73.95818491,"member"
"426","57D283DD5B005003","docked_bike","2021-05-11 20:23:38","2021-05-11 20:27:38","Devoe St & Morgan Ave",5282.02,"Scholes St & Manhattan Ave",5108.01,40.713811,-73.93515,40.70870368,-73.9448625,"member"
"19","E9609DB7784888F6","docked_bike","2021-05-11 20:44:55","2021-05-11 21:01:51","W 26 St & 8 Ave",6297.02,"West St & Liberty St",5184.08,40.747348,-73.997235,40.711444,-74.014847,"member"
"298","EBCC5A911C830E18","docked_bike","2021-05-11 21:32:28","2021-05-11 21:38:19","Lafayette St & Jersey St",5561.06,"St Marks Pl & 1 Ave",5626.13,40.72456,-73.995652,40.72779126,-73.98564945,"member"
"89","71379815F1DFFF1E","docked_bike","2021-05-11 21:54:22","2021-05-11 21:58:07","Amsterdam Ave & W 73 St",7260.09,"Amsterdam Ave & W 66 St",7149.05,40.779668,-73.98093,40.7746671,-73.98470567,"member"
"457","B9E892B51759B8E0","docked_bike","2021-05-12 02:50:52","2021-05-12 02:57:27","South St & Gouverneur Ln",4953.04,"Old Slip & South St",4993.13,40.703553,-74.006702,40.7033668669587,-74.007867872715,"casual"
"455","A291413944DD51A3","docked_bike","2021-05-12 07:15:21","2021-05-12 07:23:45","W 41 St & 8 Ave",6602.03,"Pershing Square North",6432.09,40.756405,-73.990026,40.751873,-73.977706,"member"
"253","40EDB1F8D1AB6112","docked_bike","2021-05-12 09:36:10","2021-05-12 09:39:33","7 Ave & Park Pl",4125.07,"Berkeley Pl & 6 Ave",4134.06,40.677614,-73.973242,40.6765304,-73.97846879,"casual"
"302","76228C0B79E4A938","docked_bike","2021-05-12 11:12:01","2021-05-12 11:17:49","Fairview Ave & Linden St",5066.03,"Flushing Ave & Woodward Ave",5225.02,40.70694,-73.90632,40.71246,-73.91873,"member"
"43","BCFF9B8D1B578548","docked_bike","2021-05-12 13:18:51","2021-05-12 13:21:36","4 Ave & 3 St",4028.04,"Union St & 4 Ave",4175.15,40.673746,-73.985649,40.6772744,-73.98282002,"member"
"301","C8E6E938A943B04A","docked_bike","2021-05-12 14:00:16","2021-05-12 14:06:50","N 6 St & Bedford Ave",5379.1,"Berry St & N 8 St",5379.09,40.717451,-73.958509,40.7190095,-73.95852515,"member"
"272","BDB53001162B59EF","docked_bike","2021-05-12 14:04:18","2021-05-12 14:13:55","Sullivan St & Washington Sq",5721.01,"Broadway & W 25 St",6173.08,40.730477,-73.99906,40.7428687731211,-73.9891862869263,"member"
"481","9167C21F5FEE5C24","docked_bike","2021-05-12 14:31:37","2021-05-12 14:41:50","Central Park S & 6 Ave",6876.04,"Central Park West & W 72 St",7141.07,40.765909,-73.976341,40.7757937668367,-73.9762057363987,"member"
"105","2ACF61453AB381F0","docked_bike","2021-05-12 14:58:44","2021-05-12 15:14:20","University Pl & E 14 St",5905.14,"W 53 St & 10 Ave",6890.01,40.734814,-73.992085,40.76669671,-73.99061728,"member"
"13","855DBDB684D7AB3B","docked_bike","2021-05-12 16:30:50","2021-05-12 16:38:12","Washington Ave & Park Ave",4724.03,"Kent Ave & S 11 St",5062.01,40.696102,-73.96751,40.7076449441757,-73.9684152603149,"member"
"112","05383672F4D50C27","docked_bike","2021-05-12 16:34:44","2021-05-12 16:53:31","3 St & Hoyt St",4110.1,"14 St & 7 Ave",3731.11,40.677728,-73.993641,40.663779,-73.98396846,"member"
"451","A55E785A618B48CA","docked_bike","2021-05-12 16:36:36","2021-05-12 16:51:36","Carlton Ave & Flushing Ave",4732.08,"Metropolitan Ave & Bedford Ave",5308.04,40.697787,-73.973736,40.71534825,-73.96024116,"member"
"388","9946D018F0C28E12","docked_bike","2021-05-12 17:42:38","2021-05-12 17:59:40","Park Ave & Marcus Garvey Blvd",4768.02,"3 Ave & Schermerhorn St",4437.01,40.698617,-73.941342,40.68683208,-73.9796772,"casual"
"71","2A06F15C5D9FD5B1","docked_bike","2021-05-12 18:31:35","2021-05-12 18:58:27","Prospect Park SW & 10 Ave",3611.02,"Halsey St & Tompkins Ave",4319.07,40.659945,-73.977504,40.6823687,-73.944118,"member"
"284","1FE312172859E8AB","docked_bike","2021-05-12 18:47:31","2021-05-12 21:56:44","7 St & 3 Ave",3996.01,"Clinton St & Centre St",4045.01,40.672602,-73.98983,40.67434,-74.00194698,"member"
"178","8958AE16170CC797","docked_bike","2021-05-12 20:12:20","2021-05-12 21:01:01","St Nicholas Ave & W 134 St",7837.3,"8 Ave & W 38 St",6526.05,40.816234,-73.948222,40.75461,-73.99177,"casual"
"419","E610C55A7964DAE4","docked_bike","2021-05-12 23:55:23","2021-05-13 00:08:58","44 St & 3 Ave",3315.05,"6 Ave & 12 St",3803.05,40.651173,-74.011405,40.6663181,-73.9854617,"member"
"279","D950669CCCEB00AD","docked_bike","2021-05-13 06:03:41","2021-05-13 06:40:59","1 Ave & E 30 St",6079.03,"S 4 St & Wythe Ave",5204.05,40.741443,-73.97536,40.71285887,-73.96590294,"member"
"14","150D3AAFB3BA6FB1","docked_bike","2021-05-13 06:59:15","2021-05-13 07:07:35","Pershing Square North",6432.09,"W 27 St & 7 Ave",6247.06,40.751873,-73.977706,40.746647,-73.993915,"member"
"297","1E09ADBDAC651A82","docked_bike","2021-05-13 08:09:01","2021-05-13 08:12:44","Columbus Ave & W 72 St",7175.05,"W 54 St & 9 Ave",6920.03,40.777057,-73.978984,40.76584941,-73.98690506,"member"
"73","38A563BDDA3E5C8A","docked_bike","2021-05-13 11:08:45","2021-05-13 11:44:43","Albany Ave & Fulton St",4237.02,"Lispenard St & Broadway",5391.06,40.68001,-73.938475,40.71939226,-74.00247214,"member"
"97","DE3945DD103CA2DF","docked_bike","2021-05-13 11:46:49","2021-05-13 12:18:36","McKibbin St & Manhattan Ave",4996.08,"W 15 St & 10 Ave",6115.09,40.705109,-73.944072,40.742753828659,-74.0074735879898,"member"
"288","CD1EE21D04392570","docked_bike","2021-05-13 14:56:26","2021-05-13 15:19:21","1 Ave & E 68 St",6822.09,"W 42 St & 8 Ave",6602.05,40.765005,-73.958184,40.7575699,-73.99098507,"member"
"404","962AD6F77DD89987","docked_bike","2021-05-13 15:52:56","2021-05-13 16:01:34","South St & Whitehall St",4846.01,"West St & Liberty St",5184.08,40.701221,-74.012342,40.711444,-74.014847,"member"
"121","E53D73CB0265837F","docked_bike","2021-05-13 17:13:16","2021-05-13 17:17:26","Front St & Washington St",4936.01,"Clark St & Henry St",4789.03,40.70255,-73.989402,40.69760127,-73.99344559,"member"
"77","DD5F3B22BFAA46A7","docked_bike","2021-05-13 18:24:19","2021-05-13 18:33:05","10 Ave & W 28 St",6459.04,"Christopher St & Greenwich St",5847.01,40.750663,-74.001768,40.73291553,-74.00711384,"member"
"40","A87DB8FA679B39F1","docked_bike","2021-05-13 18:41:44","2021-05-13 18:56:23","Bayard St & Baxter St",5351.03,"Clinton St & Grand St",5303.06,40.716021,-73.999743,40.71559509,-73.9870295,"member"
"195","E45E216FD329B00F","docked_bike","2021-05-13 19:08:38","2021-05-13 19:19:33","Grove St & Broadway",4526.01,"Wilson Ave & Troutman St",4864.09,40.69047,-73.923511,40.70166,-73.92754,"casual"
"266","26E7AC531E107EEF","docked_bike","2021-05-13 20:36:50","2021-05-13 21:10:04","E 2 St & Avenue A",5553.1,"E 11 St & 1 Ave",5746.14,40.723077,-73.985836,40.72953837,-73.98426726,"casual"
"229","A7F8290F26846108","docked_bike","2021-05-13 20:45:59","2021-05-13 20:47:41","E 102 St & 1 Ave",7407.13,"E 106 St & 1 Ave",7456.03,40.786994,-73.941648,40.7892529,-73.93956237,"member"
"246","5DA9C9F747EB3CC5","docked_bike","2021-05-13 23:02:39","2021-05-13 23:13:38","Freeman St & Southern Blvd",8060.01,"Hoe Ave & Jennings St",8095.06,40.830051,-73.892103,40.832171,-73.889686,"casual"
"397","052D97F5E9F0A618","docked_bike","2021-05-14 00:17:43","2021-05-14 00:20:41","W 59 St & 10 Ave",7023.04,"W 64 St & Thelonious Monk Circle",7123.04,40.770513,-73.988038,40.7751595343424,-73.9891869574785,"member"
"108","36E290C6ACB96518","docked_bike","2021-05-14 08:06:15","2021-05-14 08:22:31","W 15 St & 7 Ave",6030.06,"Murray St & Greenwich St",5288.12,40.739355,-73.999317,40.7148515052625,-74.0112233161926,"member"
"65","A70CA44BB6DF4E17","docked_bike","2021-05-14 09:21:22","2021-05-14 09:39:11","Greenwood Ave & E 4 St",3353.04,"Douglass St & 4 Ave",4175.14,40.650739,-73.977739,40.6792788,-73.98154004,"member"
"377","26763C95DAAD33D4","docked_bike","2021-05-14 11:14:54","2021-05-14 11:19:50","E 20 St & 2 Ave",5971.08,"E 13 St & 2 Ave",5820.08,40.735876,-73.98205,40.7315393746407,-73.9853024482727,"casual"
"93","133C7661B9787F1A","docked_bike","2021-05-14 12:05:59","2021-05-14 12:17:07","E 30 St & Park Ave S",6206.08,"E 7 St & Avenue A",5626.07,40.744449,-73.983035,40.72621788,-73.98379855,"member"
"445","4C273D04139A8EF2","docked_bike","2021-05-14 13:51:35","2021-05-14 14:04:45","Stanton St & Norfolk St",5445.07,"Carmine St & 6 Ave",5763.03,40.720747,-73.986274,40.73038599,-74.00214988,"member"
"398","D89C401709274877","docked_bike","2021-05-14 14:03:06","2021-05-14 14:15:33","5 Ave & W 131 St",7735.05,"West End Ave & W 107 St",7650.05,40.81014,-73.93973,40.8021174,-73.9681805305,"member"
"362","E99358FC38CFF461","docked_bike","2021-05-14 14:49:48","2021-05-14 15:15:32","Greenwich Ave & 8 Ave",6072.06,"Greenwich Ave & 8 Ave",6072.06,40.739016,-74.002637,40.7390169121,-74.0026376103,"member"
"491","FDCC7365E9E47745","docked_bike","2021-05-14 15:04:44","2021-05-14 15:23:07","2 Ave & E 31 St",6197.02,"University Pl & E 8 St",5755.14,40.742909,-73.97706,40.7314372408523,-73.9949034154415,"casual"
"38","CE67899A26BC2F05","docked_bike","2021-05-14 15:42:49","2021-05-14 15:44:03","E 58 St &  1 Ave (NW Corner)",6723.1,"1 Ave & E 62 St",6753.08,40.759125,-73.962658,40.7612274,-73.96094022,"member"
"28","8FF1FA90163CD881","docked_bike","2021-05-14 15:46:45","2021-05-14 16:40:48","Central Park West & W 76 St",7253.04,"Central Park West & W 76 St",7253.04,40.778967,-73.973747,40.77896784,-73.97374737,"casual"
"292","BC3382AE528232AD","docked_bike","2021-05-14 16:36:26","2021-05-14 16:39:30","Frederick Douglass Blvd & W 115 St",7658.13,"Lenox Ave & W 115 St",7627.1,40.803865,-73.95593,40.8011939,-73.9500739,"member"
"68","EBFE89BB6CAB2C17","docked_bike","2021-05-14 17:57:56","2021-05-14 18:48:21","Bergen St & Vanderbilt Ave",4157.1,"W 26 St & 10 Ave",6382.05,40.679438,-73.968043,40.749717753,-74.002950346,"member"
"252","EA7382738D432003","docked_bike","2021-05-14 19:39:33","2021-05-14 19:48:46","S 4 St & Wythe Ave",5204.05,"Huron St & Franklin St",5869.04,40.712858,-73.965902,40.73266,-73.95826,"casual"
"107","8798CD172C337888","docked_bike","2021-05-14 20:38:07","2021-05-14 21:24:09","Cleveland Pl & Spring St",5492.05,"Cleveland Pl & Spring St",5492.05,40.722103,-73.997249,40.722103786686,-73.997249007225,"member"
"34","55F0C1A78DD22F9E","docked_bike","2021-05-14 23:33:30","2021-05-14 23:37:57","Bank St & Hudson St",5922.08,"W 4 St & 7 Ave S",5880.02,40.736528,-74.00618,40.73401143,-74.00293877,"member"
"423","8DD7831A2FCB2E10","docked_bike","2021-05-15 08:57:53","2021-05-15 09:21:05","FDR Drive & E 35 St",6230.04,"Central Park S & 6 Ave",6876.04,40.744219,-73.971212,40.76590936,-73.97634151,"member"
"467","0E6AAFE0E6012345","docked_bike","2021-05-15 10:12:22","2021-05-15 10:40:46","Central Park West & W 72 St",7141.07,"5 Ave & E 93 St",7372.1,40.775794,-73.976206,40.785785,-73.957481,"casual"
"163","9EF8AED46C9F5764","docked_bike","2021-05-15 11:07:58","2021-05-15 11:12:53","W 26 St & 10 Ave",6382.05,"W 24 St & 7 Ave",6257.03,40.749717,-74.00295,40.74487634,-73.99529885,"member"
"434","14ED1D42F3B3ACD1","docked_bike","2021-05-15 11:41:34","2021-05-15 12:46:36","Bergen St & Smith St",4446.01,"Bergen St & Smith St",4446.01,40.686744,-73.990631,40.6867443,-73.99063168,"casual"
"69","F758A371ABDB2196","docked_bike","2021-05-15 11:55:15","2021-05-15 12:05:06","E 58 St & 3 Ave",6762.02,"2 Ave & E 31 St",6197.02,40.760957,-73.967244,40.74290902,-73.97706058,"casual"
"213","83E9A3E0749947DF","docked_bike","2021-05-15 11:59:47","2021-05-15 12:06:05","Broadway & E 14 St",5905.12,"E 4 St & 2 Ave",5593.04,40.734545,-73.990741,40.7262807,-73.98978041,"casual"
"463","4F0A0EC99E16EDA6","docked_bike","2021-05-15 12:00:03","2021-05-15 12:12:36","India St & Manhattan Ave",5826.02,"Scholes St & Manhattan Ave",5108.01,40.732321,-73.955085,40.70870368,-73.9448625,"member"
"119","C23BD11150063FA1","docked_bike","2021-05-15 13:00:27","2021-05-15 13:53:02","Van Brunt St & Wolcott St",4095.03,"W 13 St & 7 Ave",6030.04,40.677342,-74.01275,40.73781509,-73.99994661,"member"
"232","9E8D8B4B5F5EADF7","docked_bike","2021-05-15 13:15:13","2021-05-15 13:37:56","Vernon Blvd & 41 Rd",6514.08,"E 85 St & 3 Ave",7212.05,40.755243,-73.948567,40.77801203,-73.95407149,"member"
"264","3B0DB8E533D0E8B6","docked_bike","2021-05-15 14:22:04","2021-05-15 14:46:16","E 93 St & 2 Ave",7286.02,"Icahn Stadium",7514.01,40.782454,-73.948919,40.79346,-73.92389,"casual"
"175","CA71937C0C9546CF","docked_bike","2021-05-15 14:58:42","2021-05-15 15:17:06","Little West St & 1 Pl",5001.08,"10 Ave & W 14 St",6157.04,40.705693,-74.016777,40.741982,-74.008316,"casual"
"222","E7C91F524CBA8596","docked_bike","2021-05-15 15:08:25","2021-05-15 15:15:27","W 159 St & Edgecombe Ave",8119.05,"W 145 St & Amsterdam Ave",7997.08,40.833303,-73.939326,40.825244,-73.947257,"member"
"401","1A217BDA8BE51CEC","docked_bike","2021-05-15 15:29:51","2021-05-15 16:00:46","Sheridan Ave & E 168 St",8160.03,"Adam Clayton Powell Blvd & W 141 St",7893.05,40.835334,-73.9154,40.819241,-73.941057,"casual"
"275","3B05D89D1422E570","docked_bike","2021-05-15 15:32:22","2021-05-15 15:32:32","12 Ave & W 40 St",6765.01,"",NA,40.760875,-74.002776,NA,NA,"member"
"57","99FE1EBB027B237C","docked_bike","2021-05-15 15:45:10","2021-05-15 16:18:34","Edgecombe Ave & W 145 St",7976.08,"Morningside Ave & W 123 St",7741.01,40.823498,-73.94386,40.81,-73.9551508,"member"
"440","AC4AE69AFFF2F5CC","docked_bike","2021-05-15 15:47:00","2021-05-15 16:03:08","Washington Ave & Park Ave",4724.03,"S 4 St & Wythe Ave",5204.05,40.696102,-73.96751,40.71285887,-73.96590294,"casual"
"62","8D95283E4E858BDF","docked_bike","2021-05-15 16:02:04","2021-05-15 16:12:28","FDR Drive & E 35 St",6230.04,"E 20 St & FDR Drive",5886.02,40.744219,-73.971212,40.73314259,-73.97573881,"member"
"51","845AF281F2C91C32","docked_bike","2021-05-15 16:04:58","2021-05-15 16:07:47","11 Ave & W 27 St",6425.04,"W 20 St & 10 Ave",6306.01,40.751396,-74.005226,40.745686,-74.005141,"member"
"103","1D7F16B93F00420F","docked_bike","2021-05-15 16:43:31","2021-05-15 17:10:28","Pioneer St & Van Brunt St",4169.04,"Cadman Plaza E & Tillary St",4677.01,40.679043,-74.011169,40.695977,-73.990149,"casual"
"55","212EE630D2BA1F3A","docked_bike","2021-05-15 18:26:15","2021-05-15 18:36:20","Lexington Ave & E 29 St",6164.09,"W 52 St & 6 Ave",6740.01,40.743115,-73.982153,40.7613298312481,-73.9798200130463,"member"
"172","C60FF86A86AB1F09","docked_bike","2021-05-15 18:42:56","2021-05-15 18:52:31","Nelson Ave & W 172 St",8290.01,"E 161 St & River Ave",8041.07,40.843965,-73.920999,40.827883,-73.927111,"casual"
"109","C4280D834FCDFBB5","docked_bike","2021-05-15 19:32:56","2021-05-15 19:50:06","Broadway & Battery Pl",4962.01,"Broadway & Battery Pl",4962.01,40.704633,-74.013617,40.70463334,-74.01361706,"casual"
"56","BAD233D31CD7A5E4","docked_bike","2021-05-15 22:53:42","2021-05-15 23:07:01","8 Ave & W 27 St",6297.07,"W 54 St & 9 Ave",6920.03,40.747968,-73.996637,40.76584941,-73.98690506,"casual"
"85","6BF6586FA5AD95C1","docked_bike","2021-05-15 23:06:57","2021-05-15 23:17:41","Edgecombe Ave & W 141 St",7915.11,"W 169 St & Fort Washington Ave",8282.13,40.820681,-73.945144,40.8428422,-73.9421253,"casual"
"180","4DE7E79C6CA21C5F","docked_bike","2021-05-15 23:33:57","2021-05-15 23:46:16","11 Ave & W 27 St",6425.04,"W 50 St & 9 Ave",6854.05,40.751396,-74.005226,40.7636046779586,-73.9891795814037,"member"
"164","3F23A743A26417E9","docked_bike","2021-05-16 02:25:09","2021-05-16 02:57:48","E 47 St & 1 Ave",6498.09,"E 43 St & 2 Ave",6422.08,40.752068,-73.967843,40.75022392,-73.97121414,"casual"
"227","FFA08475FB1B88AC","docked_bike","2021-05-16 08:44:10","2021-05-16 08:54:02","LaGuardia Pl & W 3 St",5721.14,"Allen St & Hester St",5342.1,40.72917,-73.998102,40.71605866,-73.99190759,"member"
"100","7F43DC48DDAB0EEF","docked_bike","2021-05-16 09:21:40","2021-05-16 09:21:48","Bank St & Washington St",5964.01,"Bank St & Washington St",5964.01,40.736196,-74.008592,40.7361967,-74.00859207,"member"
"177","E08F0FC4F634E7B5","docked_bike","2021-05-16 09:34:59","2021-05-16 10:36:25","W 70 St & Amsterdam Ave",7207.08,"Little West St & 1 Pl",5001.08,40.77748,-73.982885,40.70569254,-74.01677685,"casual"
"276","D343B1EE5110D5D6","docked_bike","2021-05-16 10:48:34","2021-05-16 11:06:20","Parade Pl & Crooke Ave",3376.02,"Carroll St & Washington Ave",3887.03,40.651847,-73.965248,40.6686744,-73.9618148,"casual"
"345","583CEC3F8F88BD8D","docked_bike","2021-05-16 11:11:06","2021-05-16 14:47:43","6 Ave & W 45 St",6593.15,"Central Park S & 6 Ave",6876.04,40.756951,-73.982631,40.76590936,-73.97634151,"casual"
"411","5786CBB669F98E8C","docked_bike","2021-05-16 11:12:06","2021-05-16 11:16:52","Central Park West & W 72 St",7141.07,"Central Park West & W 76 St",7253.04,40.775793,-73.976205,40.77896784,-73.97374737,"casual"
"99","DA313840842977AF","docked_bike","2021-05-16 11:28:49","2021-05-16 11:34:04","St Marks Pl & 1 Ave",5626.13,"E 2 St & Avenue A",5553.1,40.727791,-73.985649,40.7230774906867,-73.9858362078667,"member"
"421","85F30A2B95C73579","docked_bike","2021-05-16 11:41:10","2021-05-16 12:03:36","Central Ave & Flushing Ave",4947.04,"Greenpoint Ave & Manhattan Ave",5785.05,40.702831,-73.9333,40.73026,-73.95394,"casual"
"187","A1532032E3145F67","docked_bike","2021-05-16 11:42:22","2021-05-16 12:17:32","Broadway & W 60 St",6948.11,"Broadway & W 60 St",6948.11,40.769155,-73.981918,40.76915505,-73.98191841,"casual"
"319","487549BA0B0DB585","docked_bike","2021-05-16 13:01:51","2021-05-16 14:27:07","4 Ave & E 12 St",5788.15,"Barclay St & Church St",5216.04,40.732647,-73.99011,40.71291224,-74.01020234,"casual"
"130","936436A1FBD6E5A3","docked_bike","2021-05-16 13:22:06","2021-05-16 14:49:34","Greenwich St & Hubert St",5470.1,"Cleveland Pl & Spring St",5492.05,40.721319,-74.010065,40.722103786686,-73.997249007225,"member"
"343","0D4674B38466F0B0","docked_bike","2021-05-16 13:55:37","2021-05-16 14:10:03","5 Ave & E 29 St",6248.06,"W Broadway & W Houston St",5644.05,40.745167,-73.98683,40.726378,-74.000472,"member"
"486","E98D53C25DA34BA4","docked_bike","2021-05-16 16:37:42","2021-05-16 16:42:52","W 70 St & Amsterdam Ave",7207.08,"Amsterdam Ave & W 82 St",7360.1,40.77748,-73.982885,40.78524672,-73.97667321,"casual"
"142","6ECE815A23DE95E0","docked_bike","2021-05-16 16:47:14","2021-05-16 16:58:04","46 Ave & 5 St",6286.02,"Queens Plaza North & Crescent St",6429.01,40.74731,-73.95451,40.75110165,-73.94073717,"casual"
"255","AE09FE3566D907E0","docked_bike","2021-05-16 17:01:49","2021-05-16 17:20:49","Central Park W & W 103 St",7577.27,"Riverside Dr & W 91 St",7524.16,40.796036,-73.961589,40.7931348098666,-73.9770036935806,"member"
"291","C873531B793C6EE3","docked_bike","2021-05-16 17:19:12","2021-05-16 17:35:34","Division Ave & Hooper St",5045.05,"Kent Ave & N 7 St",5489.03,40.706842,-73.954435,40.7203677529846,-73.9616507291794,"casual"
"433","CE9D7F4E5AA3FD6E","docked_bike","2021-05-16 17:34:12","2021-05-16 18:01:28","DeKalb Ave & Franklin Ave",4528.01,"Putnam Ave & Throop Ave",4392.04,40.690648,-73.957461,40.6851532,-73.94111,"member"
"111","0C98724D114D7471","docked_bike","2021-05-16 17:41:44","2021-05-16 18:40:45","Riverside Dr & W 72 St",7288.04,"Central Park West & W 72 St",7141.07,40.780577,-73.985624,40.7757937668367,-73.9762057363987,"member"
"356","BFB0DF9CD1D26600","docked_bike","2021-05-16 19:06:32","2021-05-16 19:30:47","Irving Ave & Palmetto St",4775.01,"Irving Ave & Palmetto St",4775.01,40.698,-73.9127,40.698,-73.9127,"casual"
"293","FCF43DF8DCF515A1","docked_bike","2021-05-16 19:10:32","2021-05-16 19:36:23","Stagg St & Union Ave",5117.05,"Stagg St & Union Ave",5117.05,40.70877,-73.950952,40.70877084,-73.95095259,"member"
"331","6A9C40C1CEE295EE","docked_bike","2021-05-16 19:31:25","2021-05-16 19:39:48","6 Ave & W 34 St",6364.1,"W 42 St & 6 Ave",6517.08,40.74964,-73.98805,40.75492,-73.98455,"casual"
"11","AC1C14382AACCE6C","docked_bike","2021-05-16 21:47:35","2021-05-16 22:00:25","W 13 St & 7 Ave",6030.04,"E 7 St & Avenue A",5626.07,40.737815,-73.999946,40.72621788,-73.98379855,"casual"
"206","B64DA55BDB1D01A8","docked_bike","2021-05-17 05:08:58","2021-05-17 05:10:31","W 26 St & 8 Ave",6297.02,"W 27 St & 7 Ave",6247.06,40.747348,-73.997235,40.746647,-73.993915,"member"
"369","6E1339DAE0C726FB","docked_bike","2021-05-17 10:58:02","2021-05-17 11:24:10","West St & Liberty St",5184.08,"W 44 St & 11 Ave",6756.05,40.711444,-74.014847,40.762009,-73.996975,"member"
"133","AAEEBEAD00D3F5D2","docked_bike","2021-05-17 11:10:38","2021-05-17 11:17:05","South St & Whitehall St",4846.01,"West Thames St",5114.06,40.701221,-74.012342,40.70834698,-74.01713445,"member"
"437","B209BE2A6EE3179D","docked_bike","2021-05-17 12:47:55","2021-05-17 12:56:54","11 Ave & W 27 St",6425.04,"W 15 St & 10 Ave",6115.09,40.751396,-74.005226,40.742753828659,-74.0074735879898,"casual"
"31","76592613719CEBB3","docked_bike","2021-05-17 14:01:04","2021-05-17 14:12:53","50 St & Northern Blvd",6511.03,"31 Ave & 34 St",6819.15,40.753441,-73.912402,40.763154,-73.920827,"casual"
"200","F7703BD77536F42B","docked_bike","2021-05-17 15:00:50","2021-05-17 15:03:07","Clark St & Henry St",4789.03,"Fulton St & Adams St",4637.06,40.697601,-73.993445,40.6924182925785,-73.989494740963,"casual"
"166","76BE01FD4C35B94C","docked_bike","2021-05-17 15:22:38","2021-05-17 15:24:18","1 Ave & E 62 St",6753.08,"1 Ave & E 68 St",6822.09,40.761227,-73.96094,40.76500525,-73.95818491,"member"
"399","CAA08EADC8167A98","docked_bike","2021-05-17 15:52:02","2021-05-17 15:57:19","2 Ave & E 72 St",6925.09,"E 63 St & 3 Ave",6830.02,40.768762,-73.958407,40.763954,-73.9646,"member"
"216","C23E9422A6C01ADA","docked_bike","2021-05-17 16:03:42","2021-05-17 16:11:04","E 15 St & 3 Ave",5863.07,"Lexington Ave & E 29 St",6164.09,40.734232,-73.986923,40.7431155537649,-73.9821535348892,"casual"
"474","A3EA52FDC27DE506","docked_bike","2021-05-17 16:19:48","2021-05-17 16:39:19","5 Ave & E 78 St",7161.08,"Central Park West & W 72 St",7141.07,40.776321,-73.964273,40.7757937668367,-73.9762057363987,"casual"
"364","5EAF18A08371FC83","docked_bike","2021-05-17 16:20:51","2021-05-17 16:28:37","Carroll St & Columbia St",4348.07,"Henry St & Middagh St",4861.05,40.683045,-74.003485,40.7003,-73.991581,"casual"
"493","5B7A2624BED6B0DA","docked_bike","2021-05-17 17:13:44","2021-05-17 17:19:36","E 6 St & Avenue D",5506.14,"E 13 St & Avenue A",5779.09,40.72228,-73.976687,40.7296672939298,-73.9806796610355,"member"
"151","D11C0BCF7B9B9FC7","docked_bike","2021-05-17 17:17:35","2021-05-17 17:23:02","E 27 St & Park Ave S",6131.13,"E 33 St & 1 Ave",6197.08,40.742751,-73.984715,40.7432268143217,-73.9744978398085,"member"
"351","451149D56EC76095","docked_bike","2021-05-17 17:37:27","2021-05-17 18:09:12","Prospect Park West & 8 St",3722.04,"Bergen St & Flatbush Ave",4281.08,40.665146,-73.976376,40.6809447234773,-73.9756733179092,"casual"
"286","B163705022A57741","docked_bike","2021-05-17 17:38:47","2021-05-17 17:56:21","West St & Chambers St",5329.03,"Greenwich Ave & 8 Ave",6072.06,40.717548,-74.01322,40.7390169121,-74.0026376103,"casual"
"245","A89FDCFAD8513AF8","docked_bike","2021-05-17 18:24:41","2021-05-17 18:29:39","W 110 St & Amsterdam Ave",7646.04,"Riverside Dr & W 104 St",7623.13,40.802692,-73.96295,40.8013434,-73.9711457439,"member"
"270","5EBB14E485A9B9A3","docked_bike","2021-05-17 18:25:31","2021-05-17 18:54:05","W 40 St & 5 Ave",6474.02,"W 54 St & 11 Ave",6955.05,40.752269,-73.982079,40.768333,-73.992573,"casual"
"327","C233395AA77A0039","docked_bike","2021-05-18 00:11:02","2021-05-18 00:30:38","St. Nicholas Ave & W 157 St",8085.09,"12 Ave & W 125 St",7886.02,40.832314,-73.94102,40.818299,-73.960405,"member"
"39","F7B6DCE87707D8EA","docked_bike","2021-05-18 06:52:09","2021-05-18 06:57:31","Greenwich Ave & 8 Ave",6072.06,"W 22 St & 10 Ave",6306.06,40.739016,-74.002637,40.74691959,-74.00451887,"member"
"143","6A63A5F4C42385E8","docked_bike","2021-05-18 07:54:10","2021-05-18 07:56:06","Avenue C & E 18 St",5769.04,"E 14 St & Avenue B",5736.09,40.730563,-73.973984,40.72938685,-73.97772429,"member"
"387","07F2EA5A4B1FBA57","docked_bike","2021-05-18 10:54:23","2021-05-18 11:24:53","Amsterdam Ave & W 73 St",7260.09,"Amsterdam Ave & W 73 St",7260.09,40.779668,-73.98093,40.7796680900731,-73.9809304475784,"member"
"124","CF39822C8D8FAAD8","docked_bike","2021-05-18 12:16:42","2021-05-18 12:33:51","Lafayette St & Jersey St",5561.06,"W 25 St & 6 Ave",6215.04,40.72456,-73.995652,40.74395411,-73.99144871,"casual"
"134","8A794DAD5D720A26","docked_bike","2021-05-18 12:49:13","2021-05-18 12:55:24","8 Ave & W 16 St",6072.11,"W 22 St & 10 Ave",6306.06,40.740983,-74.001702,40.74691959,-74.00451887,"member"
"391","AD23EC6FF782B1CE","docked_bike","2021-05-18 13:33:52","2021-05-18 13:41:05","FDR Drive & E 35 St",6230.04,"E 32 St & Park Ave",6280.12,40.744219,-73.971212,40.7457121,-73.98194829,"member"
"367","AC4C5169F54938FB","docked_bike","2021-05-18 14:33:57","2021-05-18 14:38:39","Madison St & Montgomery St",5262.09,"Canal St & Rutgers St",5303.08,40.713126,-73.984844,40.71427487,-73.98990025,"member"
"258","3D86DAEEF46160F1","docked_bike","2021-05-18 14:36:10","2021-05-18 14:42:51","Pioneer St & Richards St",4128.08,"Smith St & 9 St",4077.04,40.677774,-74.009461,40.6746957,-73.99785768,"member"
"441","CBC6C0ED60FEC9B8","docked_bike","2021-05-18 15:00:56","2021-05-18 15:13:18","Bergen St & Vanderbilt Ave",4157.1,"Kingston Ave & Herkimer St",4205.06,40.679438,-73.968043,40.67890679,-73.94142771,"member"
"219","7C1CE399294BC06D","docked_bike","2021-05-18 15:25:43","2021-05-18 15:32:56","Greenwich Ave & Charles St",5914.08,"W 22 St & 8 Ave",6224.03,40.735238,-74.000271,40.74475148,-73.99915362,"member"
"240","40AA35EF80B72259","docked_bike","2021-05-18 16:01:02","2021-05-18 16:17:42","W 20 St & 10 Ave",6306.01,"E 10 St & Avenue A",5659.05,40.745686,-74.005141,40.72740794,-73.98142006,"member"
"78","826AB8DA6C545F2A","docked_bike","2021-05-18 16:09:55","2021-05-18 16:23:24","W 16 St & The High Line",6233.05,"West St & Liberty St",5184.08,40.743349,-74.006817,40.711444,-74.014847,"member"
"416","4DD7E1202BC18759","docked_bike","2021-05-18 16:34:22","2021-05-18 16:49:01","E 53 St & Madison Ave",6659.03,"W 13 St & 5 Ave",5947.04,40.75971,-73.974023,40.735445,-73.99431,"member"
"381","E4002DBDF3FFEEF1","docked_bike","2021-05-18 16:45:18","2021-05-18 16:48:56","Vesey Pl & River Terrace",5297.02,"Murray St & Greenwich St",5288.12,40.715337,-74.016583,40.7148515052625,-74.0112233161926,"member"
"42","64F1F4A1CA5BA870","docked_bike","2021-05-18 17:00:06","2021-05-18 17:15:34","Broadway & W 36 St",6441.01,"E 58 St &  1 Ave (NW Corner)",6723.1,40.750977,-73.987654,40.759125,-73.962658,"member"
"407","9DFBAEE0B0710E1A","docked_bike","2021-05-18 17:06:19","2021-05-18 17:34:41","W 42 St & 6 Ave",6517.08,"W 100 St & Manhattan Ave",7538.14,40.75492,-73.98455,40.795,-73.9645,"member"
"128","2AEEAB5C941BD7CF","docked_bike","2021-05-18 17:19:06","2021-05-18 18:01:21","E 48 St & 3 Ave",6541.03,"West Thames St",5114.06,40.754601,-73.971878,40.70834698,-74.01713445,"casual"
"88","452FACC0DB5BDD3A","docked_bike","2021-05-18 17:22:20","2021-05-18 17:36:53","31 St & Thomson Ave",6227.02,"Metropolitan Ave & Bedford Ave",5308.04,40.744697,-73.935403,40.71534825,-73.96024116,"casual"
"346","3A1B30937F0202EC","docked_bike","2021-05-18 17:29:08","2021-05-18 17:51:40","St Nicholas Ave & W 134 St",7837.3,"St Nicholas Ave & Manhattan Ave",7723.01,40.816234,-73.948222,40.809725,-73.953149,"casual"
"211","C6D4B7345549E2F0","docked_bike","2021-05-18 17:54:27","2021-05-18 17:59:02","5 St & 6 Ave",3874.01,"10 St & 5 Ave",3842.08,40.670483,-73.982089,40.6686273,-73.98700053,"member"
"20","EB0C57DE20E99CA6","docked_bike","2021-05-18 18:02:00","2021-05-18 18:13:04","7 St & 5 Ave",3914.02,"S Portland Ave & Hanson Pl",4354.05,40.670492,-73.985416,40.68539567,-73.97431458,"casual"
"483","C189F7A0184B61AE","docked_bike","2021-05-18 18:19:11","2021-05-18 18:31:06","West St & Liberty St",5184.08,"W 10 St & Washington St",5847.06,40.711444,-74.014847,40.7334239943708,-74.0085149556398,"member"
"498","5CC251C1B93D5C7A","docked_bike","2021-05-18 20:16:23","2021-05-18 20:23:51","N 15 St & Wythe Ave",5520.09,"Franklin St & Dupont St",5944.01,40.724055,-73.955736,40.73564,-73.95866,"casual"
"15","6C5660B2F8003A68","docked_bike","2021-05-18 20:19:02","2021-05-18 20:20:41","Pleasant Ave & E 116 St",7450.05,"Pleasant Ave & E 116 St",7450.05,40.794987,-73.933334,40.7949879,-73.9333349,"member"
"322","ABD407BE0829B497","docked_bike","2021-05-18 20:50:12","2021-05-18 21:17:05","S 4 St & Wythe Ave",5204.05,"Norfolk St & Broome St",5374.01,40.712858,-73.965902,40.7172274,-73.98802084,"casual"
"414","11262515940BF7DE","docked_bike","2021-05-18 21:08:47","2021-05-18 21:46:29","Riverside Blvd & W 67 St",7183.03,"2 Ave & E 125 St",7648.16,40.777507,-73.988885,40.802554,-73.933509,"member"
"378","D8C7CD6A131143F3","docked_bike","2021-05-18 21:39:33","2021-05-18 21:45:37","E 2 St & Avenue C",5476.03,"E 13 St & Avenue A",5779.09,40.720873,-73.980857,40.7296672939298,-73.9806796610355,"casual"
"63","4AAECB7043063208","docked_bike","2021-05-19 08:32:45","2021-05-19 08:33:30","E 33 St & 1 Ave",6197.08,"E 33 St & 1 Ave",6197.08,40.743226,-73.974497,40.7432268143217,-73.9744978398085,"member"
"410","FBE43CCCBE7BCFAE","docked_bike","2021-05-19 09:11:26","2021-05-19 09:19:48","Broadway & W 131 St",7865.09,"Adam Clayton Powell Blvd & W 115 St",7643.18,40.817555,-73.957163,40.802535,-73.9532423,"casual"
"439","9228EF35FD20FD41","docked_bike","2021-05-19 09:16:09","2021-05-19 09:23:05","Union Ave & N 12 St",5411.07,"Stagg St & Union Ave",5117.05,40.71924,-73.95242,40.70877084,-73.95095259,"member"
"4","40AE5E000ADB9F6E","docked_bike","2021-05-19 13:03:25","2021-05-19 13:10:36","E 17 St & Broadway",5980.07,"1 Ave & E 16 St",5779.08,40.737049,-73.990092,40.73221853,-73.98165557,"member"
"453","8C60E0D9AE5576A7","docked_bike","2021-05-19 14:24:50","2021-05-19 15:04:54","41 St & 4 Ave",3347.03,"Forsyth St\t& Grand St",5382.07,40.651354,-74.007168,40.7177981773783,-73.9931613206863,"member"
"307","AEA6804397529AA8","docked_bike","2021-05-19 14:27:27","2021-05-19 14:39:15","E 118 St & 1 Ave",7596.1,"E 102 St & Park Ave",7488.24,40.79747,-73.93504,40.7904828,-73.95033068,"member"
"452","6BAAA092DEAA85C8","docked_bike","2021-05-19 15:11:32","2021-05-19 15:13:46","Fulton St & Broadway",5175.08,"Albany St & Greenwich St",5145.02,40.711066,-74.009447,40.709267,-74.013247,"member"
"339","3B2D885AAB2C68FC","docked_bike","2021-05-19 15:45:55","2021-05-19 16:17:53","Old Fulton St",4903.08,"Norfolk St & Broome St",5374.01,40.702771,-73.993836,40.7172274,-73.98802084,"casual"
"157","8D32480434B6B52F","docked_bike","2021-05-19 16:36:01","2021-05-19 17:03:59","Harlem River Dr & W 155 St",8085.13,"Lenox Ave & W 126 St",7720.03,40.830476,-73.939929,40.808442,-73.9452087,"casual"
"168","34335AD984F1A35B","docked_bike","2021-05-19 16:47:08","2021-05-19 17:21:29","W 13 St & 7 Ave",6030.04,"Mott St & Prince St",5561.04,40.737815,-73.999946,40.72317958,-73.99480012,"member"
"418","848C294CDD72647B","docked_bike","2021-05-19 17:27:10","2021-05-19 17:44:04","Greene Ave & Nostrand Ave",4519.02,"Myrtle Ave & Grove St",4816.05,40.688333,-73.950916,40.69905,-73.91516,"member"
"424","3741885ACC2C5281","docked_bike","2021-05-19 18:07:25","2021-05-19 18:41:21","W 15 St & 10 Ave",6115.09,"E 2 St & Avenue C",5476.03,40.742753,-74.007473,40.7208736,-73.98085795,"casual"
"101","978542E06E1AC628","docked_bike","2021-05-19 18:28:34","2021-05-19 19:13:24","E 58 St & 3 Ave",6762.02,"Central Park North & Adam Clayton Powell Blvd",7617.07,40.760957,-73.967244,40.799484,-73.955613,"casual"
"261","1652AFE5BBBA12B1","docked_bike","2021-05-19 18:44:15","2021-05-19 18:59:23","John St & William St",5065.04,"6 Ave & Canal St",5500.07,40.708621,-74.007221,40.72243797,-74.00566443,"member"
"33","7B3D9EE782E491AC","docked_bike","2021-05-19 18:44:56","2021-05-19 18:50:45","Cadman Plaza E & Tillary St",4677.01,"Concord St & Bridge St",4781.03,40.695976,-73.990148,40.69766564,-73.98476437,"member"
"52","19A6B4ACD1BFA26F","docked_bike","2021-05-19 19:10:22","2021-05-19 19:21:50","W 26 St & 8 Ave",6297.02,"Greenwich Ave & Charles St",5914.08,40.747348,-73.997235,40.735238,-74.000271,"member"
"281","F818346CC43DA608","docked_bike","2021-05-19 20:50:49","2021-05-19 21:00:08","6 Ave & W 33 St",6364.07,"W 47 St & 10 Ave",6824.07,40.749012,-73.988483,40.76269882,-73.99301222,"member"
"340","D5933B60AC212CAD","docked_bike","2021-05-19 20:57:15","2021-05-19 21:12:40","West Drive & Prospect Park West",3651.04,"Douglass St & 4 Ave",4175.14,40.661063,-73.979452,40.6792788,-73.98154004,"member"
"311","1DF0E885D9742B56","docked_bike","2021-05-20 08:47:55","2021-05-20 09:01:44","Lafayette St & Jersey St",5561.06,"West St & Liberty St",5184.08,40.72456,-73.995652,40.711444,-74.014847,"member"
"313","20E868DE415AD2DC","docked_bike","2021-05-20 08:52:19","2021-05-20 09:03:26","W 43 St & 10 Ave",6756.01,"6 Ave & W 33 St",6364.07,40.760094,-73.994618,40.74901271,-73.98848395,"member"
"306","209153B495D8AAA9","docked_bike","2021-05-20 09:25:51","2021-05-20 09:40:56","University Pl & E 8 St",5755.14,"8 Ave & W 52 St",6816.07,40.731437,-73.994903,40.76370739,-73.9851615,"member"
"300","CD0BBF94D80DC751","docked_bike","2021-05-20 11:34:05","2021-05-20 11:47:19","Barrow St & Hudson St",5805.05,"W 20 St & 7 Ave",6182.02,40.731724,-74.006744,40.74238787,-73.99726235,"member"
"432","7FFBCF1E07EF3915","docked_bike","2021-05-20 14:40:26","2021-05-20 15:07:08","Lawrence St & Willoughby St",4596.09,"Warren St & Court St",4413.08,40.692361,-73.986317,40.686371,-73.99383324,"casual"
"492","003F7F8E4213AB02","docked_bike","2021-05-20 15:09:35","2021-05-20 15:16:28","Central Park West & W 68 St",7079.06,"W 89 St & Columbus Ave",7432.09,40.773406,-73.977825,40.7882213,-73.97041561,"casual"
"91","FC2C4E8189A5A32C","docked_bike","2021-05-20 17:25:42","2021-05-20 17:31:23","5 Ave & E 72 St",7100.07,"E 74 St & 1 Ave",6953.08,40.772828,-73.966852,40.7689738,-73.95482273,"member"
"125","11E319D3B40606BE","docked_bike","2021-05-20 18:15:38","2021-05-20 19:04:50","Willoughby Ave & Walworth St",4634.02,"Franklin Ave & Myrtle Ave",4715.01,40.693317,-73.953819,40.694546087246,-73.9580136537552,"member"
"328","6A9E484810E716B7","docked_bike","2021-05-20 19:57:04","2021-05-20 20:14:51","E 2 St & 2 Ave",5593.02,"Hanson Pl & Ashland Pl",4395.07,40.725028,-73.990696,40.6850680730818,-73.9779075980186,"member"
"181","01E9DC1EF51408E7","docked_bike","2021-05-20 20:51:15","2021-05-20 21:08:27","St Marks Pl & 1 Ave",5626.13,"Greenwich St & Perry St",5922.04,40.727791,-73.985649,40.73498,-74.00697,"casual"
"438","ED718BD80C777F6D","docked_bike","2021-05-20 22:20:39","2021-05-20 22:33:02","1 Ave & E 39 St",6303.01,"Allen St & Hester St",5342.1,40.74714,-73.97113,40.71605866,-73.99190759,"member"
"90","638953A98916292D","docked_bike","2021-05-21 00:24:46","2021-05-21 00:37:33","Broadway & W 51 St",6779.04,"Lexington Ave & E 29 St",6164.09,40.762288,-73.983361,40.7431155537649,-73.9821535348892,"member"
"371","4E18A06AAC90AF38","docked_bike","2021-05-21 06:23:44","2021-05-21 06:24:32","8 Ave & W 33 St",6450.12,"8 Ave & W 33 St",6450.12,40.751551,-73.993934,40.751551,-73.993934,"member"
"106","E7F8B95B0D34FA14","docked_bike","2021-05-21 08:38:34","2021-05-21 08:43:23","Pier 40 - Hudson River Park",5696.03,"West St & Chambers St",5329.03,40.727714,-74.011295,40.71754834,-74.01322069,"member"
"152","4CF3BA656CEB9B6F","docked_bike","2021-05-21 10:30:22","2021-05-21 10:40:23","Brook Ave & E 157 St",7935.07,"Southern Blvd & Tiffany St",7867.04,40.820713,-73.911759,40.818185,-73.894143,"casual"
"461","3E83B7B8DC379025","docked_bike","2021-05-21 11:21:05","2021-05-21 12:04:07","Franklin St & Dupont St",5944.01,"Franklin St & Dupont St",5944.01,40.73564,-73.95866,40.73564,-73.95866,"member"
"417","0F24EB8347B59821","docked_bike","2021-05-21 11:37:27","2021-05-21 11:54:14","Stanton St & Mangin St",5326.06,"Division St & Bowery",5270.08,40.717821,-73.976289,40.714193,-73.996732,"member"
"289","5415388237CAD2E0","docked_bike","2021-05-21 11:49:32","2021-05-21 11:56:19","5 Ave & E 103 St",7511.19,"W 100 St & Manhattan Ave",7538.14,40.792255,-73.952499,40.795,-73.9645,"member"
"10","2043888EB3EA87C1","docked_bike","2021-05-21 11:50:54","2021-05-21 11:59:52","University Pl & E 8 St",5755.14,"W 15 St & 7 Ave",6030.06,40.731437,-73.994903,40.73935542,-73.99931783,"member"
"228","41E78402CB62F697","docked_bike","2021-05-21 13:04:20","2021-05-21 13:24:03","Amsterdam Ave & W 82 St",7360.1,"Lenox Ave & W 117 St",7655.22,40.785246,-73.976673,40.8025566,-73.9490782,"member"
"23","59D8B41CD429DB24","docked_bike","2021-05-21 13:20:06","2021-05-21 13:36:43","Pitt St & Stanton St",5406.04,"Broad St & Bridge St",4962.08,40.71926,-73.98178,40.70365182,-74.01167797,"member"
"37","6825379D22F037AC","docked_bike","2021-05-21 14:49:03","2021-05-21 14:51:41","5 Ave & E 72 St",7100.07,"5 Ave & E 72 St",7100.07,40.772828,-73.966852,40.77282817,-73.96685276,"member"
"310","43E349CA1ADFFF5F","docked_bike","2021-05-21 16:17:10","2021-05-21 16:28:44","44 Dr & Jackson Ave",6352.01,"Crescent St & Broadway",6827.11,40.747182,-73.943263,40.7633589,-73.9286471,"casual"
"469","C995D6E7D17EA719","docked_bike","2021-05-21 16:21:46","2021-05-21 16:38:39","W 22 St & 10 Ave",6306.06,"Pershing Square North",6432.09,40.746919,-74.004518,40.751873,-73.977706,"member"
"325","8D69B4EB681C15B5","docked_bike","2021-05-21 16:26:47","2021-05-21 16:42:47","Stanton St & Norfolk St",5445.07,"Broadway & Battery Pl",4962.01,40.720747,-73.986274,40.70463334,-74.01361706,"member"
"17","9BEC140D76A3DB17","docked_bike","2021-05-21 16:27:30","2021-05-21 16:46:58","Madison Ave & E 82 St",7188.13,"W 40 St & 5 Ave",6474.02,40.778131,-73.960693,40.752269,-73.982079,"member"
"485","E6EB85008310D824","docked_bike","2021-05-21 16:27:32","2021-05-21 16:36:16","S 4 St & Wythe Ave",5204.05,"Bayard St & Leonard St",5442.05,40.712858,-73.965902,40.7191557169604,-73.9488539099693,"member"
"158","745B894B916E7195","docked_bike","2021-05-21 17:24:24","2021-05-21 17:33:38","Sharon St & Olive St",5323.05,"Bedford Ave & Nassau Ave",5550.05,40.715353,-73.93856,40.72311651,-73.95212324,"member"
"468","9ABAD1FF304C290A","docked_bike","2021-05-21 17:33:27","2021-05-21 17:40:51","4 Ave & E 12 St",5788.15,"Cleveland Pl & Spring St",5492.05,40.732647,-73.99011,40.722103786686,-73.997249007225,"member"
"462","62AAE949BA933F45","docked_bike","2021-05-21 17:37:55","2021-05-21 17:47:36","Union Ave & N 12 St",5411.07,"India St & Manhattan Ave",5826.02,40.71924,-73.95242,40.73232194,-73.9550858,"member"
"308","FD922FA827E52FCE","docked_bike","2021-05-21 17:57:28","2021-05-21 18:07:40","Irving Ave & Jefferson St",5051.02,"Morgan Ave & Lombardy St",5503.01,40.70538,-73.92535,40.72226,-73.93889,"member"
"30","9DF88ECF6206C3CF","docked_bike","2021-05-21 18:13:21","2021-05-21 18:16:31","Stanton St & Chrystie St",5523.02,"Forsyth St\t& Grand St",5382.07,40.722293,-73.991475,40.7177981773783,-73.9931613206863,"member"
"82","4460F27D801DCD8E","docked_bike","2021-05-21 18:25:55","2021-05-21 18:30:35","Central Ave & Flushing Ave",4947.04,"Wyckoff Av & Jefferson St",5051.01,40.702831,-73.9333,40.707165,-73.923711,"casual"
"262","A08F64AA7BFD169C","docked_bike","2021-05-21 19:01:19","2021-05-21 19:17:07","5 Ave & E 93 St",7372.1,"W 89 St & Columbus Ave",7432.09,40.785785,-73.957481,40.7882213,-73.97041561,"member"
"209","94055EDABF747371","docked_bike","2021-05-21 19:08:21","2021-05-21 19:10:09","Bruckner Blvd & Bryant Ave",7944.11,"Faile St & Garrison Ave",7922.01,40.821952,-73.888546,40.820578,-73.888271,"member"
"153","2610EE4980BB2409","docked_bike","2021-05-21 19:46:51","2021-05-21 20:01:30","India St & Manhattan Ave",5826.02,"Graham Ave & Herbert St",5403.05,40.732321,-73.955085,40.71929301,-73.94500379,"member"
"326","3C593EFA4D996D71","docked_bike","2021-05-21 22:20:09","2021-05-21 22:40:25","Henry St & Atlantic Ave",4531.05,"Bedford Ave & Bergen St",4066.15,40.690892,-73.996123,40.676368,-73.952918,"casual"
"350","8AC2B136BBDA6BF0","docked_bike","2021-05-22 03:34:40","2021-05-22 03:38:36","St. Ann's Av & Bruckner Blvd",7657.03,"Willis Ave & E 143 St",7798.02,40.803399,-73.919763,40.812299,-73.92037,"casual"
"444","C46DFEAB57126C8A","docked_bike","2021-05-22 13:16:51","2021-05-22 13:33:41","South St & Gouverneur Ln",4953.04,"Centre St & Chambers St",5207.01,40.703553,-74.006702,40.71273266,-74.0046073,"casual"
"80","3CB9257C3B8F5EFD","docked_bike","2021-05-22 15:37:41","2021-05-22 15:46:44","Greenwich St & Hubert St",5470.1,"Pearl St & Peck Slip",5096.11,40.721319,-74.010065,40.708485,-74.002751,"casual"
"315","825B09E9398FCE67","docked_bike","2021-05-22 16:18:42","2021-05-22 16:33:27","E 25 St & 2 Ave",6046.02,"1 Ave & E 68 St",6822.09,40.739126,-73.979737,40.76500525,-73.95818491,"casual"
"458","BD68471B32946C32","docked_bike","2021-05-22 16:20:44","2021-05-22 16:48:33","Riverside Dr & W 82 St",7388.1,"12 Ave & W 40 St",6765.01,40.787208,-73.981281,40.76087502,-74.00277668,"member"
"185","37542719299BD077","docked_bike","2021-05-22 16:34:32","2021-05-22 17:11:16","South St & Whitehall St",4846.01,"Washington Pl & 6 Ave",5838.09,40.701221,-74.012342,40.73224119,-74.00026394,"member"
"144","348E704AEEAC62C9","docked_bike","2021-05-22 16:50:38","2021-05-22 16:58:37","Pershing Square North",6432.09,"E 33 St & 1 Ave",6197.08,40.751873,-73.977706,40.7432268143217,-73.9744978398085,"casual"
"226","FD6DACC1077CDDEC","docked_bike","2021-05-22 16:52:04","2021-05-22 16:56:01","Prospect Park West & 8 St",3722.04,"6 Ave & 9 St",3803.09,40.665146,-73.976376,40.668127,-73.98377641,"member"
"277","785ECBB6E4B7C8B4","docked_bike","2021-05-22 18:24:54","2021-05-22 18:56:28","E 33 St & 5 Ave",6322.01,"Grand St & Greene St",5500.02,40.747659,-73.984907,40.7217000523561,-74.002381414175,"casual"
"223","17272E122F3E0E85","docked_bike","2021-05-22 19:05:32","2021-05-22 19:35:14","Front St & Washington St",4936.01,"1 Pl & Clinton St",4193.14,40.702551,-73.989402,40.680959,-73.999057,"casual"
"282","C7B5D40599DF5E44","docked_bike","2021-05-22 19:11:07","2021-05-22 19:44:28","27 St & Hunter St",6310.06,"27 St & Hunter St",6310.06,40.7485,-73.941275,40.7485,-73.941275,"casual"
"199","9CD628B713A58392","docked_bike","2021-05-22 19:32:13","2021-05-22 19:33:41","Laight St & Hudson St",5539.06,"North Moore St & Greenwich St",5470.12,40.721853,-74.007717,40.7201952143746,-74.0103006362915,"member"
"487","DEB7B152A996E1A2","docked_bike","2021-05-22 20:09:35","2021-05-22 20:10:15","W 25 St & 6 Ave",6215.04,"W 25 St & 6 Ave",6215.04,40.743954,-73.991448,40.74395411,-73.99144871,"member"
"268","556C3FDE492DEE0C","docked_bike","2021-05-22 21:11:34","2021-05-22 21:29:37","Willoughby Ave & Hall St",4611.03,"Waterbury St & Stagg St",5099.02,40.69196,-73.965368,40.71019,-73.93734,"casual"
"374","8CEEA769BBE47DDF","docked_bike","2021-05-22 21:50:29","2021-05-22 21:54:40","Frederick Douglass Blvd & W 115 St",7658.13,"Adam Clayton Powell Blvd & W 126 St",7738.04,40.803865,-73.95593,40.8094953477795,-73.9477649331093,"member"
"218","B283BE5AB50FE622","docked_bike","2021-05-23 00:17:29","2021-05-23 00:34:31","Columbus Ave & W 72 St",7175.05,"Adam Clayton Powell Blvd & W 123 St",7704.04,40.777057,-73.978984,40.8078316,-73.949373,"member"
"425","7F900DB1A7980D59","docked_bike","2021-05-23 02:01:49","2021-05-23 02:09:25","E 48 St & 5 Ave",6626.01,"W 41 St & 8 Ave",6602.03,40.757245,-73.978059,40.75640548,-73.9900262,"casual"
"196","480BE67568896E3C","docked_bike","2021-05-23 02:18:58","2021-05-23 02:39:41","Stanhope St & Fairview Ave",5146.03,"Menahan St & Wyckoff Ave",4890.11,40.70998,-73.91116,40.70113,-73.91422,"casual"
"318","35D6CE3FCF6CB650","docked_bike","2021-05-23 03:18:22","2021-05-23 03:48:03","Old Slip & South St",4993.13,"E 20 St & FDR Drive",5886.02,40.703366,-74.007867,40.73314259,-73.97573881,"casual"
"393","E70C26E1348139B3","docked_bike","2021-05-23 04:05:59","2021-05-23 05:27:13","St Marks Pl & 1 Ave",5626.13,"Delancey St & Eldridge St",5414.07,40.727791,-73.985649,40.719383,-73.991479,"member"
"443","C4065514969BDE06","docked_bike","2021-05-23 08:00:03","2021-05-23 08:14:32","1 Ave & E 68 St",6822.09,"E 88 St & Park Ave",7293.1,40.765005,-73.958184,40.78141070019,-73.9559590816498,"member"
"186","CABAB09E9FF4262B","docked_bike","2021-05-23 09:59:51","2021-05-23 10:09:21","31 St & Astoria Blvd",6989.07,"Vernon Blvd & 10 St",6937.07,40.769917,-73.918405,40.7671863,-73.9373554,"member"
"380","98DE2EB1C01C4A2A","docked_bike","2021-05-23 11:11:53","2021-05-23 11:39:30","Court St & State St",4488.08,"Coffey St & Conover St",4137.1,40.690237,-73.99203,40.677236,-74.015665,"casual"
"54","D9DC6FAAC9B8110F","docked_bike","2021-05-23 11:39:14","2021-05-23 11:49:47","Kane St & Clinton St",4455.11,"3 Ave & 14 St",3850.03,40.686175,-73.996452,40.6685455,-73.99333264,"member"
"117","B404B4B162F750CD","docked_bike","2021-05-23 11:55:22","2021-05-23 12:27:10","West St & Chambers St",5329.03,"11 Ave & W 59 St",7059.01,40.717548,-74.01322,40.7714967105444,-73.9904603362083,"member"
"464","E6293C8227083977","docked_bike","2021-05-23 12:37:42","2021-05-23 12:48:40","E 33 St & 1 Ave",6197.08,"1 Ave & E 78 St",7020.09,40.743226,-73.974497,40.77140426,-73.9535166,"casual"
"448","A7166EFA9C3F009E","docked_bike","2021-05-23 12:41:51","2021-05-23 12:49:01","W 44 St & 11 Ave",6756.05,"8 Ave & W 31 St",6450.05,40.762009,-73.996975,40.7505853470215,-73.9946848154068,"member"
"395","618210E90180B7A3","docked_bike","2021-05-23 13:03:38","2021-05-23 13:30:39","W 27 St & 7 Ave",6247.06,"9 Ave & W 18 St",6190.08,40.746647,-73.993915,40.74317449,-74.00366443,"casual"
"70","B2C710B860EFE48D","docked_bike","2021-05-23 14:11:18","2021-05-23 15:00:36","Central Park West & W 85 St",7354.01,"Broadway & W 60 St",6948.11,40.78476,-73.969862,40.76915505,-73.98191841,"casual"
"210","FECE479EDBA22DA4","docked_bike","2021-05-23 16:04:54","2021-05-23 16:18:40","Grand Concourse & E 171 St",8194.06,"River Ave & E 153 St",8005.08,40.839549,-73.913004,40.82441,-73.92818,"casual"
"459","07B482145927FD98","docked_bike","2021-05-23 16:38:20","2021-05-23 17:04:30","Stanton St & Chrystie St",5523.02,"11 Ave & W 41 St",6726.01,40.722293,-73.991475,40.76030096,-73.99884222,"member"
"207","64087D18F2C68F7E","docked_bike","2021-05-23 17:05:03","2021-05-23 17:18:01","Central Park West & W 72 St",7141.07,"Central Park S & 6 Ave",6876.04,40.775793,-73.976205,40.76590936,-73.97634151,"casual"
"372","786F4BBF1C5AC692","docked_bike","2021-05-23 17:50:31","2021-05-23 17:57:33","Bedford Ave & S 9 St",5093.01,"Frost St & Meeker Ave",5371.07,40.70853,-73.964089,40.7176619708399,-73.948800265789,"member"
"179","67787B4B4FBD3644","docked_bike","2021-05-23 17:57:48","2021-05-23 18:09:39","E 58 St &  1 Ave (NW Corner)",6723.1,"2 Ave & E 31 St",6197.02,40.759125,-73.962658,40.74290902,-73.97706058,"member"
"477","D16428CF08724340","docked_bike","2021-05-23 18:26:55","2021-05-23 18:48:42","Willoughby Ave & Walworth St",4634.02,"Jay St & York St",4895.09,40.693317,-73.953819,40.7014031725772,-73.9867267012596,"casual"
"294","78B54F67B2E62CAE","docked_bike","2021-05-23 18:46:34","2021-05-23 18:52:04","E 68 St & Madison Ave",6932.15,"5 Ave & E 78 St",7161.08,40.769157,-73.967034,40.7763214218227,-73.9642739295959,"casual"
"45","DA6926952C5C7F4B","docked_bike","2021-05-23 18:59:45","2021-05-23 19:28:52","Old Fulton St",4903.08,"Wythe Ave & Metropolitan Ave",5348.02,40.702771,-73.993836,40.716887,-73.963198,"member"
"75","93FEE93C7413D2A1","docked_bike","2021-05-23 19:08:20","2021-05-23 19:23:02","Congress St & Clinton St",4455.07,"Carroll St & 6 Ave",4019.06,40.688152,-73.995209,40.6740886,-73.9787282,"member"
"201","014BF8103A1FE3DC","docked_bike","2021-05-23 20:52:41","2021-05-23 21:06:00","Grand Ave & Bergen St",4190.06,"Greene Ave & Throop Ave",4510.04,40.678045,-73.962408,40.6894932,-73.942061,"casual"
"335","C750442788B566B3","docked_bike","2021-05-23 21:12:09","2021-05-23 21:26:35","Grand Army Plaza & Central Park S",6839.1,"W 106 St & Central Park West",7606.01,40.764397,-73.973714,40.7981856,-73.9605909006,"casual"
"173","53D706BF29ED4472","docked_bike","2021-05-23 22:21:04","2021-05-23 22:28:44","W 33 St & 7 Ave",6407.07,"Pershing Square North",6432.09,40.750199,-73.99093,40.751873,-73.977706,"member"
"191","10C68F81835F7765","docked_bike","2021-05-23 23:44:10","2021-05-23 23:49:28","Hudson St & Reade St",5359.1,"6 Ave & Broome St",5610.09,40.71625,-74.009105,40.7243083216022,-74.0047303587198,"casual"
"386","D9A901CBAC14299A","docked_bike","2021-05-24 08:30:46","2021-05-24 08:46:14","Bushwick Ave & Powers St",5250.05,"Fulton St & Utica Ave",4228.02,40.712476,-73.941,40.6794268,-73.9298911,"member"
"6","3A9BD230EC2FD9CC","docked_bike","2021-05-24 12:12:26","2021-05-24 12:27:34","11 Ave & W 59 St",7059.01,"Broadway & W 37 St",6441.02,40.771496,-73.99046,40.75172632,-73.98753523,"member"
"95","43A86BE1E732A1CA","docked_bike","2021-05-24 16:43:41","2021-05-24 16:54:17","E 13 St & Avenue A",5779.09,"Lexington Ave & E 24 St",6089.07,40.729667,-73.980679,40.74025878,-73.98409214,"casual"
"257","AC281F68611F74D0","docked_bike","2021-05-24 16:46:27","2021-05-25 17:46:06","Spring St & Hudson St",5653.12,"",NA,40.725839,-74.007653,NA,NA,"casual"
"490","0B4003622E0634A7","docked_bike","2021-05-24 16:49:20","2021-05-24 16:58:07","Carroll St & Bond St",4184.07,"Lawrence St & Willoughby St",4596.09,40.678611,-73.990372,40.69236178,-73.98631746,"member"
"92","335771F8C2F3F715","docked_bike","2021-05-24 17:23:56","2021-05-24 17:50:08","W Broadway & Spring St",5569.06,"Greenwich St & Perry St",5922.04,40.724946,-74.001658,40.73498,-74.00697,"casual"
"415","E90DFF386C26100D","docked_bike","2021-05-24 17:36:17","2021-05-24 17:42:42","W 26 St & 8 Ave",6297.02,"Broadway & W 29 St",6289.06,40.747348,-73.997235,40.7462009,-73.98855723,"member"
"5","544A1788ACD7D18B","docked_bike","2021-05-24 19:24:23","2021-05-24 19:39:45","Halsey St & Tompkins Ave",4319.07,"Prospect Pl & 6 Ave",4166.08,40.682368,-73.944118,40.6793307,-73.97519523,"member"
"12","449D430035D0B0BE","docked_bike","2021-05-25 00:42:11","2021-05-25 00:53:53","Cadman Plaza E & Tillary St",4677.01,"Cherry St",5181.04,40.695976,-73.990148,40.71219906,-73.97948148,"member"
"61","DA5FF029D3D0758A","docked_bike","2021-05-25 08:12:22","2021-05-25 08:23:32","Bank St & Hudson St",5922.08,"6 Ave & W 33 St",6364.07,40.736528,-74.00618,40.74901271,-73.98848395,"casual"
"53","40A41664CDE36BCB","docked_bike","2021-05-25 09:03:48","2021-05-25 09:13:48","Stuyvesant Walk & 1 Av Loop",5854.1,"W 21 St & 6 Ave",6140.05,40.7323398,-73.9789838,40.74173969,-73.99415556,"member"
"355","6D08F41C14A50380","docked_bike","2021-05-25 09:13:50","2021-05-25 09:38:54","Harlem River Dr & W 155 St",8085.13,"E 169 St & Fox St",8024.05,40.830476,-73.939929,40.827184,-73.893721,"member"
"169","43BD7298A03F2EDA","docked_bike","2021-05-25 09:40:24","2021-05-25 09:43:52","Norfolk St & Broome St",5374.01,"Grand St & Elizabeth St",5382.06,40.717227,-73.98802,40.718822,-73.99596,"member"
"221","3564C549837DA7DB","docked_bike","2021-05-25 11:21:28","2021-05-25 11:29:24","St Marks Pl & 2 Ave",5669.1,"Columbia St & Rivington St",5365.02,40.728418,-73.987139,40.71739973,-73.98016555,"member"
"81","851F93F6D4475861","docked_bike","2021-05-25 13:46:02","2021-05-25 13:52:59","E 13 St & 2 Ave",5820.08,"W 13 St & 5 Ave",5947.04,40.731539,-73.985302,40.735445,-73.99431,"member"
"384","EE886E0142F837C8","docked_bike","2021-05-25 13:57:30","2021-05-25 14:19:03","Grand St & Havemeyer St",5267.08,"Grand St & Havemeyer St",5267.08,40.712868,-73.956981,40.71286844,-73.95698119,"member"
"412","2B3915E43E9EC8CC","docked_bike","2021-05-25 14:00:38","2021-05-25 14:04:41","Broadway & E 14 St",5905.12,"W 15 St & 7 Ave",6030.06,40.734545,-73.990741,40.73935542,-73.99931783,"member"
"348","D7CEE2F3BB886ABE","docked_bike","2021-05-25 14:13:22","2021-05-25 14:17:32","E 89 St & York Ave",7204.08,"E 85 St & 3 Ave",7212.05,40.777945,-73.946041,40.77801203,-73.95407149,"member"
"67","2FAB405365025C8B","docked_bike","2021-05-25 15:04:04","2021-05-25 15:37:35","Eastern Pkwy & Washington Ave",3928.08,"Old Slip & South St",4993.13,40.671649,-73.963114,40.7033668669587,-74.007867872715,"casual"
"403","B4A32E49117CE4A5","docked_bike","2021-05-25 15:19:25","2021-05-25 15:31:15","Southern Blvd & E 149 St",7788.13,"E 149 St & Morris Ave",7863.03,40.811892,-73.904192,40.81734,-73.922962,"member"
"465","778235973FA0927E","docked_bike","2021-05-25 15:40:17","2021-05-25 15:42:31","5 Av & W 139 St",7851.04,"Lenox Ave & W 144 St",7910.01,40.815484,-73.935856,40.819783,-73.936521,"member"
"478","157B33C74856C3F1","docked_bike","2021-05-25 15:57:55","2021-05-25 16:15:05","Fulton St & William St",5137.11,"Washington St & Gansevoort St",6039.06,40.709559,-74.006536,40.739323,-74.008119,"member"
"237","085B985BC066820B","docked_bike","2021-05-25 17:04:17","2021-05-25 17:19:25","1 Ave & E 62 St",6753.08,"1 Ave & E 94 St",7286.05,40.761227,-73.96094,40.7817212,-73.94594,"member"
"46","A1767DFFD931533D","docked_bike","2021-05-25 17:22:11","2021-05-25 17:28:11","DeKalb Ave & S Portland Ave",4546.04,"State St & Smith St",4565.06,40.68981,-73.974931,40.68926942,-73.98912867,"member"
"385","1396DF11AFF2BC17","docked_bike","2021-05-25 17:27:12","2021-05-25 17:39:14","W 100 St & Manhattan Ave",7538.14,"E 103 St & Lexington Ave",7463.09,40.795,-73.9645,40.7903051,-73.94755757,"casual"
"148","6EEFB1F7C822A8E7","docked_bike","2021-05-25 17:58:37","2021-05-25 18:30:24","Lexington Ave & E 29 St",6164.09,"Central Park S & 6 Ave",6876.04,40.743115,-73.982153,40.76590936,-73.97634151,"casual"
"188","145E78D7490B291E","docked_bike","2021-05-25 18:14:21","2021-05-25 18:33:39","E 6 St & Avenue B",5584.04,"Greenwich Ave & 8 Ave",6072.06,40.724537,-73.981854,40.7390169121,-74.0026376103,"member"
"136","1E0F1BFE41966922","docked_bike","2021-05-25 18:15:46","2021-05-25 18:30:23","India St Pier",5794.05,"Broadway & Berry St",5164.04,40.731734,-73.961239,40.71044554,-73.96525063,"member"
"167","A66C1EBD854E1EF9","docked_bike","2021-05-25 18:28:00","2021-05-25 18:33:52","Kent Ave & N 7 St",5489.03,"Metropolitan Ave & Meeker Ave",5300.05,40.720367,-73.96165,40.71413311,-73.95234386,"member"
"375","CFA1BDC59D744F53","docked_bike","2021-05-25 18:41:34","2021-05-25 19:28:24","E 56 St & 3 Ave",6691.11,"Margaret Corbin Plz & Ft Washington Ave",8532.03,40.759345,-73.967596,40.859166,-73.933872,"member"
"363","4AC30A59E5A25B23","docked_bike","2021-05-25 19:38:13","2021-05-25 19:44:17","Broadway & W 41 St",6560.01,"W 42 St & Dyer Ave",6644.07,40.755135,-73.98658,40.7589848139963,-73.9937996864319,"member"
"305","AAB211937FBF23F2","docked_bike","2021-05-25 20:25:06","2021-05-25 20:33:04","Lexington Ave & E 29 St",6164.09,"6 Ave & W 33 St",6364.07,40.743115,-73.982153,40.74901271,-73.98848395,"casual"
"203","138C05DCB7414A8B","docked_bike","2021-05-25 22:07:53","2021-05-25 22:19:53","LaGuardia Pl & W 3 St",5721.14,"E 10 St & Avenue A",5659.05,40.72917,-73.998102,40.72740794,-73.98142006,"member"
"41","05A82B9D49E12D6E","docked_bike","2021-05-25 23:14:25","2021-05-25 23:26:21","E 10 St & Avenue A",5659.05,"Cleveland Pl & Spring St",5492.05,40.727407,-73.98142,40.722103786686,-73.997249007225,"casual"
"32","32CB0E09A2E9A17E","docked_bike","2021-05-25 23:52:25","2021-05-26 00:20:18","St Marks Pl & 2 Ave",5669.1,"Pearl St & Peck Slip",5096.11,40.728418,-73.987139,40.708485,-74.002751,"member"
"66","B422A708773BB0FC","docked_bike","2021-05-26 07:13:10","2021-05-26 07:36:47","E 33 St & 1 Ave",6197.08,"31 St & Newtown Ave",6923.2,40.743226,-73.974497,40.7675487799971,-73.9209334552288,"member"
"254","243BDBA65FF792F7","docked_bike","2021-05-26 08:22:12","2021-05-26 08:50:15","Kent Ave & N 7 St",5489.03,"Pierrepont St & Monroe Pl",4718.08,40.720367,-73.96165,40.6953569332022,-73.9934402704239,"member"
"330","4A5DFE6F7112EF2B","docked_bike","2021-05-26 09:19:54","2021-05-26 09:23:46","34 St & 5 Ave",3451.01,"5 Ave & 41 St",3306.03,40.654098,-74.001131,40.649983,-74.005144,"member"
"280","72269015C01BA014","docked_bike","2021-05-26 10:02:18","2021-05-26 10:09:22","1 Ave & E 39 St",6303.01,"1 Ave & E 62 St",6753.08,40.74714,-73.97113,40.7612274,-73.96094022,"member"
"214","0A35A7A7AA2CE16E","docked_bike","2021-05-26 12:48:26","2021-05-26 13:08:45","W 45 St & 8 Ave",6676.02,"Lafayette St & Jersey St",5561.06,40.759291,-73.988596,40.72456089,-73.99565293,"casual"
"231","DDB532359C4772BC","docked_bike","2021-05-26 14:26:04","2021-05-26 14:44:40","6 Ave & 12 St",3803.05,"6 Ave & 12 St",3803.05,40.666318,-73.985461,40.6663181,-73.9854617,"member"
"269","6B367233EECA8A2A","docked_bike","2021-05-26 14:43:00","2021-05-26 15:04:01","Broadway & W 41 St",6560.01,"44 Dr & 21 St",6278.04,40.755135,-73.98658,40.748,-73.9460927,"member"
"189","96F04E3722BA25E8","docked_bike","2021-05-26 15:28:04","2021-05-26 15:35:59","Central Park North & Adam Clayton Powell Blvd",7617.07,"West End Ave & W 107 St",7650.05,40.799484,-73.955613,40.8021174,-73.9681805305,"member"
"224","A036EE1DCD5241BE","docked_bike","2021-05-26 17:05:34","2021-05-26 17:17:26","Lexington Ave & E 36 St",6313.1,"E 6 St & Avenue B",5584.04,40.747573,-73.9788,40.72453734,-73.98185424,"casual"
"400","A9ABDEC1F1FE9F52","docked_bike","2021-05-26 17:32:41","2021-05-26 17:41:53","E 2 St & Avenue A",5553.1,"Lafayette St & E 8 St",5788.13,40.723077,-73.985836,40.7302066052995,-73.9910262823105,"member"
"248","FC468050500A09C0","docked_bike","2021-05-26 18:30:51","2021-05-26 18:53:38","W 21 St & 6 Ave",6140.05,"West Thames St",5114.06,40.741739,-73.994155,40.70834698,-74.01713445,"casual"
"182","302989061437C75F","docked_bike","2021-05-26 20:43:48","2021-05-26 21:08:46","St Marks Pl & 1 Ave",5626.13,"W 22 St & 10 Ave",6306.06,40.727791,-73.985649,40.74691959,-74.00451887,"member"
"204","4DE9DADD55A21036","docked_bike","2021-05-26 23:01:40","2021-05-26 23:08:11","E 4 St & 2 Ave",5593.04,"W Broadway & W Houston St",5644.05,40.72628,-73.98978,40.726378,-74.000472,"member"
"44","EC77CA09759EB658","docked_bike","2021-05-26 23:31:56","2021-05-26 23:33:13","6 Ave & W 33 St",6364.07,"W 33 St & 7 Ave",6407.07,40.749012,-73.988483,40.75019995,-73.99093085,"member"
"171","CD6DEF8201EAF573","docked_bike","2021-05-27 07:12:32","2021-05-27 07:20:51","11 Ave & W 41 St",6726.01,"Pershing Square North",6432.09,40.7603,-73.998842,40.751873,-73.977706,"member"
"376","D959E18669FA5639","docked_bike","2021-05-27 07:51:22","2021-05-27 08:20:25","Stanton St & Mangin St",5326.06,"W 59 St & 10 Ave",7023.04,40.717821,-73.976289,40.770513,-73.988038,"member"
"21","41671CCD1F50E4A9","docked_bike","2021-05-27 08:51:54","2021-05-27 09:01:21","W 16 St & The High Line",6233.05,"Mercer St & Spring St",5532.01,40.743349,-74.006817,40.72362738,-73.99949601,"member"
"174","870AD7C12D4F6429","docked_bike","2021-05-27 09:12:03","2021-05-27 09:22:37","E 40 St & 5 Ave",6474.11,"E 33 St & 1 Ave",6197.08,40.752062,-73.981632,40.7432268143217,-73.9744978398085,"member"
"473","4F59DD949408BE1B","docked_bike","2021-05-27 09:46:01","2021-05-27 09:57:41","Centre St & Chambers St",5207.01,"Stanton St & Mangin St",5326.06,40.712732,-74.004607,40.71782143,-73.97628939,"member"
"361","615C05A6F7D377CB","docked_bike","2021-05-27 12:05:37","2021-05-27 12:21:56","Perry St & Bleecker St",5922.07,"E 11 St & Avenue B",5659.11,40.735353,-74.00483,40.7274642069239,-73.9795041829348,"casual"
"116","4C5F600F1D764D82","docked_bike","2021-05-27 12:15:23","2021-05-27 12:21:59","S Portland Ave & Hanson Pl",4354.05,"7 Ave & Park Pl",4125.07,40.685395,-73.974314,40.6776147,-73.97324283,"member"
"162","B1DD93CAC8F54CB3","docked_bike","2021-05-27 12:36:15","2021-05-27 12:52:15","Adam Clayton Powell Blvd & W 138 St",7855.03,"E 91 St & 2 Ave",7286.01,40.816959,-73.942295,40.7811222993417,-73.9496558904648,"member"
"251","8D992C25EC890F45","docked_bike","2021-05-27 13:34:34","2021-05-27 14:02:35","Avenue D & E 3 St",5436.09,"8 Ave & W 33 St",6450.12,40.720828,-73.977931,40.751551,-73.993934,"member"
"497","AE707B821F667D4A","docked_bike","2021-05-27 15:07:43","2021-05-27 15:53:00","Mercer St & Bleecker St",5679.05,"Halsey St & Broadway",4366.01,40.727063,-73.996621,40.68565,-73.91564,"member"
"83","2AD4F785BD5E98B4","docked_bike","2021-05-27 15:52:36","2021-05-27 15:56:29","4 Ave & 9 St",3955.05,"President St & 4 Ave",4101.17,40.670513,-73.988765,40.676757,-73.983262,"casual"
"287","3CBBB1159ED4F628","docked_bike","2021-05-27 15:57:10","2021-05-27 17:01:29","E 161 St & River Ave",8041.07,"Greenwich Ave & Charles St",5914.08,40.827883,-73.927111,40.735238,-74.000271,"member"
"2","DDD3896BCF641EF1","docked_bike","2021-05-27 16:06:38","2021-05-27 16:15:10","Dwight St & Van Dyke St",3981.1,"Dwight St & Van Dyke St",3981.1,40.673635,-74.011955,40.673635513415,-74.0119555592537,"member"
"496","1BF4CDF90FC24D3F","docked_bike","2021-05-27 16:32:03","2021-05-27 16:38:14","Queens Plaza North & Crescent St",6429.01,"Queens Plaza North & Crescent St",6429.01,40.751102,-73.940737,40.751102,-73.940737,"casual"
"428","69FB5D6DDDB28169","docked_bike","2021-05-27 16:49:53","2021-05-27 16:50:47","W 22 St & 10 Ave",6306.06,"W 22 St & 10 Ave",6306.06,40.746919,-74.004518,40.74691959,-74.00451887,"member"
"489","3BD6E5BE435F54B8","docked_bike","2021-05-27 17:01:23","2021-05-27 17:05:30","E 114 St & 1 Ave",7540.02,"E 118 St & 3 Ave",7611.02,40.794566,-73.936254,40.799139,-73.9389152,"member"
"198","44CA51BD7C0A1C56","docked_bike","2021-05-27 17:16:57","2021-05-27 17:25:21","E 13 St & 2 Ave",5820.08,"W 21 St & 6 Ave",6140.05,40.731539,-73.985302,40.74173969,-73.99415556,"member"
"29","24DED39EFED574BC","docked_bike","2021-05-27 17:36:12","2021-05-27 17:56:55","W 113 St & Broadway",7713.01,"W 106 St & Central Park West",7606.01,40.805973,-73.964928,40.7981856,-73.9605909006,"member"
"249","929F31F73240BE0C","docked_bike","2021-05-27 18:44:18","2021-05-27 19:36:06","Washington St & Gansevoort St",6039.06,"Allen St & Rivington St",5414.06,40.739323,-74.008119,40.72019576,-73.98997825,"member"
"337","EE1A79400764F84A","docked_bike","2021-05-27 18:54:16","2021-05-27 18:59:05","Washington Park",4546.05,"Hanson Pl & Ashland Pl",4395.07,40.691782,-73.973729,40.6850680730818,-73.9779075980186,"member"
"234","B9BAB366C2CD851D","docked_bike","2021-05-27 21:21:45","2021-05-27 21:45:44","Canal St & Rutgers St",5303.08,"W 20 St & 10 Ave",6306.01,40.714275,-73.9899,40.745686,-74.005141,"casual"
"176","AAF44BA5FDFD0C62","docked_bike","2021-05-27 22:04:05","2021-05-27 22:15:29","W 21 St & 6 Ave",6140.05,"E 1 St & 1 Ave",5593.01,40.741739,-73.994155,40.723355979608,-73.9886498451233,"member"
"408","4C0D5F8767BE5E44","docked_bike","2021-05-27 22:44:27","2021-05-27 22:53:39","E 31 St & 3 Ave",6239.08,"E 10 St & Avenue A",5659.05,40.743943,-73.97966,40.72740794,-73.98142006,"member"
"406","F0123D26A4986673","docked_bike","2021-05-27 23:02:39","2021-05-27 23:26:20","E 161 St & River Ave",8041.07,"3 Ave & E 169 St",8103.05,40.827883,-73.927111,40.832678,-73.905158,"casual"
"405","9A1A63BBBF263E23","docked_bike","2021-05-28 00:09:02","2021-05-28 00:50:06","Metropolitan Ave & Meeker Ave",5300.05,"E 13 St & 2 Ave",5820.08,40.714133,-73.952343,40.7315393746407,-73.9853024482727,"casual"
"1","2685E0FB1850141D","docked_bike","2021-05-28 04:33:00","2021-05-28 04:45:11","8 Ave & W 52 St",6816.07,"W 41 St & 8 Ave",6602.03,40.763707,-73.985161,40.75640548,-73.9900262,"member"
"16","AF88FD283C41316D","docked_bike","2021-05-28 06:56:31","2021-05-28 07:12:39","Central Park W & W 97 St",7538.18,"Willis Ave & E 137 St",7726.02,40.792495,-73.96417,40.808384,-73.923604,"member"
"429","1FD0907233378F7B","docked_bike","2021-05-28 08:04:56","2021-05-28 08:06:04","Beck St & Leggett Ave",7807.04,"Beck St & Leggett Ave",7807.04,40.815077,-73.899939,40.815077,-73.899939,"member"
"358","70827A2749A48CB0","docked_bike","2021-05-28 08:53:48","2021-05-28 09:22:40","Johnson St & Gold St",4668.08,"E 5 St & Cooper Sq",5712.12,40.694748,-73.983624,40.72769,-73.990993,"casual"
"72","C4ACFFE14DC8832D","docked_bike","2021-05-28 12:26:46","2021-05-28 12:35:25","Adam Clayton Powell Blvd & W 132 St",7814.01,"Adam Clayton Powell Blvd & W 132 St",7814.01,40.813539,-73.94521,40.813539,-73.94521,"member"
"192","68D5C4BDC1A7D5F9","docked_bike","2021-05-28 13:09:31","2021-05-28 13:10:43","Jay St & York St",4895.09,"Jay St & York St",4895.09,40.701403,-73.986726,40.7014031725772,-73.9867267012596,"casual"
"110","1D6E9A128F5F7CC0","docked_bike","2021-05-28 15:32:18","2021-05-28 15:41:43","Amsterdam Ave & W 167 St",8206.17,"St Nicholas Ave & W 134 St",7837.3,40.839443,-73.937044,40.816234,-73.948222,"member"
"273","86161074B3F40F89","docked_bike","2021-05-28 15:32:21","2021-05-28 15:37:49","E 85 St & York Ave",7146.04,"E 89 St & 3 Ave",7265.1,40.775369,-73.948033,40.7806284,-73.9521667,"member"
"86","93EA42B0706A892B","docked_bike","2021-05-28 16:55:28","2021-05-28 17:07:09","W 34 St & 11 Ave",6578.01,"Broadway & W 36 St",6441.01,40.755941,-74.002116,40.75097711,-73.98765428,"casual"
"295","0BD8C3810E96BF10","docked_bike","2021-05-29 09:16:55","2021-05-29 09:24:26","Throop Ave & Myrtle Ave",4697.01,"Cedar St & Myrtle Ave",4751.01,40.696229,-73.94371,40.697842,-73.926241,"member"
"333","CE297C7C120DC433","docked_bike","2021-05-29 12:15:39","2021-05-29 12:23:21","E 39 St & Lexington Ave",6389.09,"8 Ave & W 38 St",6526.05,40.749498,-73.977292,40.75461,-73.99177,"member"
"122","3742A95EF529B60B","docked_bike","2021-05-29 19:28:28","2021-05-29 19:40:25","W 180 St & Ft Washington Ave",8358.03,"Edgecombe Ave & W 141 St",7915.11,40.849972,-73.938423,40.820681,-73.945144,"member"
"354","A0E7D6AC1E93BD89","docked_bike","2021-05-29 19:51:38","2021-05-29 20:39:59","36 St & 3 Ave",3460.02,"24 St & 5 Ave",3555.04,40.655716,-74.006664,40.659555,-73.995068,"member"
"118","7BD858B3A54EBB4A","docked_bike","2021-05-29 22:22:42","2021-05-29 22:31:19","Hicks St & Montague St",4645.09,"Hicks St & Montague St",4645.09,40.695128,-73.99595,40.69512845,-73.99595065,"casual"
"267","570A0C49A2FCA4E2","docked_bike","2021-05-30 04:10:58","2021-05-30 04:11:41","6 Ave & W 34 St",6364.1,"6 Ave & W 34 St",6364.1,40.74964,-73.98805,40.74964,-73.98805,"casual"
"137","7AEB796609D742C6","docked_bike","2021-05-30 07:55:24","2021-05-30 08:01:50","Withers St & Kingsland Ave",5362.08,"Metropolitan Ave & Meeker Ave",5300.05,40.71773,-73.94051,40.71413311,-73.95234386,"member"
"159","24E4BD0E211C03FC","docked_bike","2021-05-30 21:01:41","2021-05-30 21:10:17","W 41 St & 8 Ave",6602.03,"2 Ave & E 29 St",6122.09,40.756405,-73.990026,40.7417235109747,-73.9780926704407,"casual"
"368","A51A7EB44737695F","docked_bike","2021-05-30 23:07:09","2021-05-30 23:19:15","E 88 St & 1 Ave",7235.13,"3 Ave & E 62 St",6762.04,40.778301,-73.948813,40.76312584,-73.96526895,"casual"
"48","333A173931C14B87","docked_bike","2021-05-31 10:44:37","2021-05-31 11:23:34","W 76 St & Columbus Ave",7281.09,"Central Park West & W 76 St",7253.04,40.780183,-73.977285,40.77896784,-73.97374737,"casual"
"36","98D9BD816E85F23A","docked_bike","2021-05-31 10:47:44","2021-05-31 10:53:57","Clinton St\t& Cherry St",5190.09,"St James Pl & Pearl St",5167.06,40.711471,-73.986726,40.71117416,-74.00016545,"member"
"357","6C64FAB0F9F7F66C","docked_bike","2021-05-31 12:16:59","2021-05-31 12:26:14","E 63 St & 3 Ave",6830.02,"E 76 St & Park Ave",7128.08,40.763954,-73.9646,40.773763,-73.96222088,"member"
"338","EFD393E4CCABCF2C","docked_bike","2021-05-31 12:43:26","2021-05-31 12:52:32","Little West St & 1 Pl",5001.08,"West St & Chambers St",5329.03,40.705692,-74.016776,40.71754834,-74.01322069,"member"
"35","C260F0D98AE838F5","docked_bike","2021-05-31 15:31:44","2021-05-31 15:37:37","5 Ave & E 72 St",7100.07,"Grand Army Plaza & Central Park S",6839.1,40.772828,-73.966852,40.7643971,-73.97371465,"member"
"389","CD15555E257FA53F","docked_bike","2021-05-31 16:03:34","2021-05-31 16:29:17","Suydam St & Knickerbocker Ave",4939.07,"Knickerbocker Ave & Cooper St",4582.05,40.702013,-73.923769,40.69081,-73.90448,"casual"
"87","A87F212000D28126","docked_bike","2021-05-31 16:07:27","2021-05-31 16:20:22","India St & Manhattan Ave",5826.02,"9 St & 44 Rd",6361.03,40.732321,-73.955085,40.74966,-73.9521,"member"
"113","058D910D3576B07F","docked_bike","2021-05-31 16:25:36","2021-05-31 17:28:44","W 15 St & 7 Ave",6030.06,"E 16 St & 5 Ave",6022.04,40.739355,-73.999317,40.73726186,-73.99238967,"casual"
"147","96D2E0C2023C5023","docked_bike","2021-05-31 16:36:44","2021-05-31 16:53:22","1 Ave & E 39 St",6303.01,"11 Ave & W 41 St",6726.01,40.74714,-73.97113,40.76030096,-73.99884222,"member"
"317","AA25C9F27F36B07B","docked_bike","2021-05-31 16:40:22","2021-05-31 16:59:59","8 Ave & W 52 St",6816.07,"Frederick Douglass Blvd & W 112 St",7631.23,40.763707,-73.985161,40.801694,-73.957145,"member"
"243","1D88D851C2B78AC5","docked_bike","2021-05-31 17:01:36","2021-05-31 17:06:11","Ditmars Blvd & 19 St",7291.06,"31 St & Ditmars Blvd",7144.02,40.78145,-73.91833,40.776168,-73.910485,"member"
"436","F0E47B6F0DC5FB0B","docked_bike","2021-05-31 17:19:58","2021-05-31 17:28:38","W 43 St & 10 Ave",6756.01,"W 52 St & 11 Ave",6926.01,40.760094,-73.994618,40.76727216,-73.99392888,"member"
"225","3F5222A3256ACA32","docked_bike","2021-05-31 17:23:17","2021-05-31 18:18:15","E 10 St & Avenue A",5659.05,"Bank St & Hudson St",5922.08,40.727407,-73.98142,40.73652889,-74.00618026,"casual"
"430","C15B7D0BCBFEE927","docked_bike","2021-05-31 18:08:15","2021-05-31 19:01:11","W 55 St & 6 Ave",6809.09,"11 Ave & W 41 St",6726.01,40.763189,-73.978434,40.76030096,-73.99884222,"casual"
"480","FF28B27CD60849FD","docked_bike","2021-05-31 20:46:49","2021-05-31 21:01:48","Murray St & Greenwich St",5288.12,"Bank St & Washington St",5964.01,40.714851,-74.011223,40.7361967,-74.00859207,"casual"
